GerstnerCUDAH;Interval;GerstnerCUDAN;Time;
0.022325;0.058521;0.015791;0.000222;
0.013235;0.029717;0.015304;0.058892;
0.012741;0.029432;0.015649;0.088655;
0.011943;0.025549;0.012708;0.118244;
0.011978;0.028014;0.015243;0.143837;
0.011327;0.026689;0.014589;0.172088;
0.012311;0.025632;0.012668;0.199089;
0.011171;0.026606;0.014816;0.225101;
0.011639;0.025104;0.012654;0.251745;
0.011753;0.026607;0.014122;0.276877;
0.009689;0.024132;0.013669;0.309125;
0.010793;0.024133;0.012690;0.333296;
0.010496;0.024643;0.013651;0.357460;
0.010143;0.023408;0.012671;0.382136;
0.010496;0.024671;0.013651;0.405572;
0.010310;0.024757;0.013941;0.430277;
0.010754;0.024753;0.013468;0.455063;
0.010088;0.024406;0.013644;0.479852;
0.010114;0.023356;0.012689;0.504287;
0.010592;0.024681;0.013591;0.527672;
0.010118;0.023388;0.012718;0.552382;
0.012506;0.026859;0.013706;0.575799;
0.010217;0.023769;0.012719;0.602688;
0.010325;0.024843;0.013806;0.626490;
0.010038;0.023585;0.012917;0.651364;
0.011230;0.025871;0.014051;0.674978;
0.011422;0.024741;0.012799;0.700877;
0.011040;0.025084;0.013626;0.725647;
0.010124;0.023460;0.012765;0.750759;
0.010724;0.024910;0.013618;0.774248;
0.010111;0.023354;0.012638;0.799191;
0.010583;0.024474;0.013400;0.822577;
0.010185;0.024264;0.013500;0.847079;
0.010162;0.023293;0.012648;0.871375;
0.010591;0.024686;0.013527;0.894696;
0.010113;0.023325;0.012623;0.919414;
0.010562;0.024641;0.013610;0.942770;
0.010210;0.023559;0.012801;0.967439;
0.010592;0.024781;0.013642;0.991026;
0.010862;0.024763;0.013319;1.015838;
0.010148;0.024370;0.013696;1.040632;
0.010224;0.024413;0.013628;1.065033;
0.010105;0.023413;0.012672;1.089474;
0.010626;0.024749;0.013605;1.112915;
0.010194;0.023340;0.012599;1.137693;
0.010581;0.024608;0.013592;1.161062;
0.010204;0.023270;0.012569;1.185699;
0.010707;0.024807;0.013599;1.208997;
0.010118;0.023417;0.012738;1.233832;
0.010603;0.024692;0.013611;1.257289;
0.010174;0.024127;0.013414;1.282011;
0.010174;0.023413;0.012647;1.306165;
0.010486;0.024558;0.013549;1.329617;
0.010229;0.023360;0.012591;1.354231;
0.010537;0.024711;0.013600;1.377621;
0.010255;0.023449;0.012660;1.402364;
0.010636;0.024807;0.013591;1.425844;
0.010123;0.023495;0.012819;1.450679;
0.010503;0.024559;0.013556;1.474229;
0.010085;0.024189;0.013641;1.498819;
0.010150;0.023316;0.012621;1.523038;
0.010624;0.024666;0.013576;1.546382;
0.010127;0.023425;0.012728;1.571077;
0.010580;0.024709;0.013609;1.594531;
0.010127;0.023399;0.012700;1.619283;
0.010594;0.024733;0.013609;1.642712;
0.010062;0.023188;0.012595;1.667473;
0.010683;0.024942;0.013657;1.690689;
0.010100;0.024222;0.013586;1.715659;
0.010156;0.023440;0.012696;1.739908;
0.010544;0.024714;0.013626;1.763378;
0.010115;0.023359;0.012710;1.788123;
0.010549;0.024787;0.013687;1.811515;
0.010236;0.023450;0.012645;1.836330;
0.010549;0.024594;0.013586;1.859811;
0.010101;0.023301;0.012623;1.884433;
0.010686;0.024895;0.013676;1.907762;
0.010144;0.024204;0.013596;1.932688;
0.010160;0.023269;0.012660;1.956922;
0.010724;0.024898;0.013612;1.980220;
0.010122;0.023529;0.012760;2.005156;
0.010612;0.024804;0.013638;2.028713;
0.010075;0.023417;0.012731;2.053550;
0.010472;0.024620;0.013543;2.077004;
0.010130;0.023382;0.012698;2.101657;
0.010633;0.024537;0.013371;2.125067;
0.010195;0.024161;0.013450;2.149631;
0.010268;0.023551;0.012711;2.173821;
0.010542;0.024859;0.013687;2.197400;
0.010156;0.023252;0.012592;2.222311;
0.010589;0.024515;0.013498;2.245593;
0.010223;0.023355;0.012670;2.270136;
0.010725;0.024935;0.013646;2.293518;
0.011210;0.024337;0.012609;2.318485;
0.010091;0.024309;0.013669;2.342854;
0.010182;0.024215;0.013498;2.367195;
0.010168;0.023355;0.012589;2.391441;
0.010606;0.024639;0.013530;2.414827;
0.010136;0.023461;0.012725;2.439496;
0.010591;0.024705;0.013591;2.462985;
0.010153;0.023419;0.012681;2.487718;
0.010610;0.024788;0.013658;2.511169;
0.010127;0.023363;0.012613;2.535985;
0.010579;0.024949;0.013758;2.559377;
0.010102;0.024685;0.014075;2.584359;
0.010223;0.023557;0.012587;2.609075;
0.011155;0.025249;0.013555;2.632681;
0.010204;0.023447;0.012759;2.657972;
0.010607;0.024733;0.013625;2.681460;
0.010172;0.023384;0.012672;2.706230;
0.010535;0.024691;0.013626;2.729643;
0.010064;0.023318;0.012692;2.754390;
0.010560;0.024786;0.013657;2.777756;
0.010843;0.024212;0.012831;2.802570;
0.010049;0.024640;0.014066;2.826813;
0.010056;0.024173;0.013585;2.851483;
0.010154;0.023415;0.012802;2.875687;
0.010701;0.024652;0.013409;2.899133;
0.010082;0.023414;0.012751;2.923816;
0.010526;0.024649;0.013611;2.947262;
0.010126;0.023727;0.013137;2.971942;
0.010629;0.024654;0.013548;2.995700;
0.009944;0.023287;0.012657;3.020392;
0.010473;0.024654;0.013551;3.043713;
0.010163;0.024382;0.013643;3.068398;
0.010106;0.023396;0.012663;3.092811;
0.010577;0.024687;0.013604;3.116236;
0.010223;0.023489;0.012621;3.140971;
0.010572;0.024682;0.013629;3.164490;
0.010132;0.023414;0.012700;3.189214;
0.010726;0.024945;0.013665;3.212662;
0.010140;0.023375;0.012662;3.237634;
0.010653;0.024815;0.013730;3.261037;
0.010132;0.024246;0.013580;3.285879;
0.010153;0.023492;0.012728;3.310153;
0.010541;0.024842;0.013621;3.333673;
0.010011;0.023339;0.012738;3.358552;
0.010660;0.024973;0.013627;3.381919;
0.010214;0.023521;0.012696;3.406921;
0.010541;0.024715;0.013637;3.430473;
0.010139;0.023308;0.012688;3.455221;
0.010620;0.024738;0.013607;3.478557;
0.010042;0.024208;0.013575;3.503333;
0.010294;0.024304;0.013428;3.527578;
0.010332;0.024403;0.013565;3.551911;
0.010151;0.023339;0.012599;3.576343;
0.010613;0.024668;0.013536;3.599710;
0.010173;0.023550;0.012695;3.624410;
0.010485;0.024579;0.013630;3.647995;
0.010011;0.023263;0.012707;3.672605;
0.010558;0.024759;0.013612;3.695899;
0.009985;0.024112;0.013578;3.720687;
0.010212;0.024390;0.013663;3.744830;
0.010149;0.024169;0.013492;3.769253;
0.010103;0.023313;0.012703;3.793452;
0.010574;0.024736;0.013649;3.816793;
0.010244;0.023478;0.012760;3.841557;
0.010608;0.024657;0.013506;3.865064;
0.010130;0.023361;0.012647;3.889749;
0.010701;0.024795;0.013592;3.913141;
0.011145;0.024318;0.012693;3.937965;
0.010092;0.023805;0.013259;3.962323;
0.010185;0.024248;0.013542;3.986166;
0.010085;0.023292;0.012635;4.010442;
0.010683;0.024757;0.013572;4.033761;
0.010171;0.023458;0.012679;4.058545;
0.010666;0.024757;0.013502;4.082031;
0.010174;0.023342;0.012606;4.106816;
0.010584;0.024638;0.013573;4.130188;
0.010106;0.024246;0.013614;4.154856;
0.010281;0.024893;0.014076;4.179130;
0.010140;0.024363;0.013619;4.204051;
0.010166;0.023365;0.012519;4.228449;
0.010517;0.024637;0.013588;4.251842;
0.010248;0.023460;0.012686;4.276510;
0.010553;0.024688;0.013571;4.300015;
0.010069;0.023264;0.012672;4.324733;
0.010692;0.024834;0.013612;4.348025;
0.010179;0.023466;0.012698;4.372890;
0.010526;0.024743;0.013699;4.396395;
0.010141;0.024227;0.013604;4.421168;
0.010199;0.023509;0.012713;4.445422;
0.010648;0.024737;0.013570;4.468960;
0.010082;0.023207;0.012623;4.493727;
0.010689;0.024737;0.013502;4.516965;
0.010075;0.023240;0.012595;4.541739;
0.010573;0.024696;0.013595;4.565012;
0.010098;0.023248;0.012638;4.589736;
0.010674;0.024790;0.013614;4.613010;
0.010099;0.024349;0.013716;4.637830;
0.010233;0.023547;0.012732;4.662222;
0.010600;0.024654;0.013530;4.685800;
0.010125;0.023453;0.012697;4.710505;
0.010474;0.024713;0.013645;4.733993;
0.010215;0.023339;0.012580;4.758733;
0.010543;0.024773;0.013653;4.782099;
0.010196;0.023325;0.012621;4.806900;
0.010619;0.024753;0.013618;4.830252;
0.010147;0.024265;0.013675;4.855034;
0.010201;0.023385;0.012590;4.879329;
0.010624;0.024849;0.013691;4.902742;
0.010144;0.023359;0.012597;4.927624;
0.010558;0.024695;0.013568;4.951011;
0.010025;0.023160;0.012598;4.975738;
0.010636;0.024710;0.013545;4.998925;
0.010146;0.023269;0.012584;5.023664;
0.010639;0.024920;0.013785;5.046963;
0.010043;0.024337;0.013722;5.071912;
0.010271;0.023532;0.012686;5.096278;
0.010488;0.024624;0.013569;5.119839;
0.010205;0.023526;0.012698;5.144490;
0.010463;0.024650;0.013619;5.168048;
0.010189;0.023516;0.012795;5.192729;
0.010590;0.024647;0.013559;5.216273;
0.010245;0.023630;0.012813;5.240949;
0.010611;0.024565;0.013410;5.264611;
0.010248;0.024379;0.013539;5.289209;
0.010080;0.023275;0.012620;5.313621;
0.010641;0.024727;0.013499;5.336931;
0.010149;0.023363;0.012697;5.361687;
0.010570;0.024654;0.013521;5.385077;
0.010127;0.023286;0.012656;5.409759;
0.010657;0.024669;0.013533;5.433074;
0.010100;0.023344;0.012697;5.457773;
0.010704;0.024753;0.013344;5.481145;
0.010029;0.024192;0.013610;5.505929;
0.010308;0.023449;0.012568;5.530149;
0.010585;0.024854;0.013675;5.553627;
0.010147;0.023436;0.012670;5.578512;
0.010508;0.024644;0.013576;5.601976;
0.010157;0.023283;0.012607;5.626650;
0.010618;0.024862;0.013568;5.649961;
0.011184;0.024418;0.012737;5.674851;
0.010229;0.024412;0.013549;5.699297;
0.010118;0.024205;0.013528;5.723751;
0.010184;0.023274;0.012616;5.747986;
0.010671;0.024779;0.013582;5.771288;
0.010112;0.023343;0.012671;5.796095;
0.010681;0.024807;0.013654;5.819486;
0.010148;0.023352;0.012654;5.844329;
0.010646;0.024932;0.013621;5.867711;
0.010122;0.023317;0.012648;5.892672;
0.010579;0.024711;0.013566;5.916016;
0.010096;0.024197;0.013577;5.940755;
0.010201;0.023447;0.012689;5.964983;
0.010540;0.024602;0.013542;5.988463;
0.010198;0.023400;0.012597;6.013094;
0.010515;0.024721;0.013723;6.036528;
0.010221;0.023449;0.012647;6.061276;
0.010531;0.025025;0.013716;6.084754;
0.010116;0.023508;0.012787;6.109817;
0.010619;0.024712;0.013528;6.133363;
0.010094;0.024272;0.013633;6.158103;
0.010105;0.023346;0.012671;6.182448;
0.010696;0.024722;0.013550;6.205824;
0.010237;0.023371;0.012530;6.230574;
0.010586;0.024817;0.013572;6.253977;
0.010161;0.023388;0.012660;6.278827;
0.010733;0.024807;0.013597;6.302243;
0.010280;0.023405;0.012575;6.327079;
0.010505;0.024600;0.013585;6.350513;
0.010210;0.024409;0.013654;6.375140;
0.010144;0.023368;0.012760;6.399583;
0.010588;0.024694;0.013607;6.422981;
0.010216;0.023415;0.012571;6.447704;
0.010437;0.024514;0.013511;6.471147;
0.010221;0.023405;0.012717;6.495691;
0.010643;0.024808;0.013570;6.519127;
0.010131;0.023342;0.012686;6.543963;
0.010647;0.024807;0.013583;6.567332;
0.010131;0.024057;0.013438;6.592167;
0.010121;0.023422;0.012707;6.616251;
0.010608;0.024696;0.013581;6.639701;
0.009980;0.023539;0.012714;6.664428;
0.010386;0.024514;0.013561;6.688000;
0.010124;0.023225;0.012510;6.712597;
0.010701;0.024823;0.013620;6.735852;
0.010122;0.023350;0.012659;6.760704;
0.010558;0.024782;0.013613;6.784082;
0.010135;0.024210;0.013587;6.808895;
0.010158;0.023343;0.012635;6.833136;
0.010579;0.024743;0.013636;6.856511;
0.010216;0.023299;0.012535;6.881286;
0.010555;0.024687;0.013600;6.904615;
0.010165;0.023437;0.012741;6.929331;
0.010611;0.024746;0.013565;6.952795;
0.009973;0.023237;0.012697;6.977570;
0.010520;0.024391;0.013315;7.000838;
0.010131;0.024229;0.013610;7.025259;
0.010073;0.023337;0.012685;7.049524;
0.010616;0.024678;0.013557;7.072895;
0.010161;0.023609;0.012740;7.097602;
0.010566;0.024633;0.013488;7.121246;
0.010106;0.023305;0.012627;7.145908;
0.010564;0.024677;0.013583;7.169240;
0.010144;0.024417;0.013722;7.193944;
0.010234;0.024350;0.013546;7.218406;
0.010082;0.024167;0.013547;7.242785;
0.010159;0.023461;0.012677;7.266982;
0.010529;0.024678;0.013598;7.290500;
0.010124;0.023530;0.012813;7.315207;
0.010595;0.024566;0.013481;7.338764;
0.010242;0.023500;0.012628;7.363366;
0.010456;0.024728;0.013639;7.386896;
0.010175;0.023290;0.012661;7.411651;
0.010730;0.024939;0.013586;7.434969;
0.010130;0.024215;0.013582;7.459945;
0.010166;0.023493;0.012741;7.484192;
0.010659;0.024718;0.013560;7.507769;
0.010139;0.023461;0.012666;7.532522;
0.010606;0.024722;0.013498;7.556014;
0.010178;0.023362;0.012630;7.580768;
0.010621;0.024728;0.013551;7.604159;
0.010203;0.023606;0.012795;7.628914;
0.010565;0.024683;0.013612;7.652553;
0.010076;0.024087;0.013508;7.677270;
0.010301;0.023488;0.012636;7.701385;
0.010592;0.024634;0.013577;7.724902;
0.010150;0.023281;0.012602;7.749574;
0.010601;0.024689;0.013522;7.772887;
0.010130;0.023228;0.012562;7.797605;
0.010576;0.024674;0.013547;7.820859;
0.010133;0.023365;0.012585;7.845562;
0.010499;0.024843;0.013732;7.868955;
0.010137;0.024229;0.013573;7.893827;
0.010157;0.023442;0.012733;7.918086;
0.010533;0.024637;0.013602;7.941572;
0.010140;0.023329;0.012607;7.966249;
0.010485;0.024547;0.013597;7.989611;
0.010130;0.023354;0.012653;8.014187;
0.010556;0.024590;0.013577;8.037574;
0.010106;0.024432;0.013811;8.062195;
0.010114;0.024055;0.013319;8.086655;
0.010137;0.024349;0.013619;8.110758;
0.010082;0.023355;0.012667;8.135136;
0.010543;0.026068;0.014997;8.158535;
0.010144;0.023452;0.012726;8.184647;
0.010575;0.024734;0.013586;8.208130;
0.010251;0.023577;0.012811;8.232894;
0.010658;0.024831;0.013629;8.256514;
0.010162;0.023550;0.012709;8.281392;
0.010585;0.024569;0.013493;8.304975;
0.011112;0.024309;0.012643;8.329575;
0.010139;0.024240;0.013584;8.353913;
0.010107;0.024255;0.013571;8.378189;
0.010158;0.023315;0.012612;8.402477;
0.010696;0.024795;0.013571;8.425825;
0.010167;0.023323;0.012631;8.450648;
0.010605;0.024767;0.013620;8.474000;
0.010147;0.023486;0.012766;8.498795;
0.010571;0.024700;0.013583;8.522312;
0.010139;0.023331;0.012681;8.547040;
0.010550;0.024476;0.013378;8.570399;
0.010143;0.024124;0.013537;8.594908;
0.010188;0.023255;0.012495;8.619061;
0.010593;0.024624;0.013519;8.642343;
0.010138;0.023475;0.012764;8.666995;
0.010606;0.024815;0.013622;8.690497;
0.010291;0.023621;0.012736;8.715347;
0.010591;0.024733;0.013598;8.738999;
0.011100;0.024308;0.012727;8.763762;
0.010210;0.024334;0.013629;8.788098;
0.010135;0.024220;0.013571;8.812469;
0.010181;0.023387;0.012666;8.836718;
0.010580;0.024833;0.013666;8.860151;
0.010253;0.023499;0.012680;8.885015;
0.010569;0.024767;0.013619;8.908551;
0.010192;0.023425;0.012590;8.933348;
0.010479;0.024622;0.013626;8.956800;
0.010182;0.023303;0.012603;8.981451;
0.010528;0.024746;0.013681;9.004800;
0.010074;0.024242;0.013619;9.029597;
0.010209;0.023524;0.012739;9.053875;
0.010639;0.024686;0.013583;9.077429;
0.010131;0.023374;0.012621;9.102144;
0.010518;0.024511;0.013547;9.125551;
0.010181;0.023379;0.012681;9.150094;
0.010683;0.024866;0.013662;9.173503;
0.010089;0.023387;0.012707;9.198398;
0.010530;0.024631;0.013619;9.221852;
0.010081;0.024281;0.013595;9.246513;
0.010181;0.023313;0.012607;9.270823;
0.010595;0.024746;0.013492;9.294167;
0.010224;0.023438;0.012652;9.318940;
0.010558;0.024684;0.013598;9.342407;
0.010207;0.023392;0.012663;9.367123;
0.010447;0.024574;0.013604;9.390544;
0.010340;0.023623;0.012699;9.415156;
0.010483;0.024613;0.013639;9.438807;
0.010114;0.024210;0.013561;9.463449;
0.010042;0.023222;0.012617;9.487690;
0.010598;0.024688;0.013562;9.510950;
0.010135;0.023385;0.012662;9.535670;
0.010619;0.024795;0.013600;9.559089;
0.010263;0.023520;0.012661;9.583915;
0.010583;0.024651;0.013570;9.607466;
0.011216;0.024236;0.012483;9.632144;
0.010153;0.024319;0.013657;9.656409;
0.010042;0.024168;0.013608;9.680757;
0.010352;0.023617;0.012689;9.704952;
0.010569;0.024486;0.013345;9.728605;
0.010174;0.023426;0.012691;9.753135;
0.010599;0.024703;0.013616;9.776608;
0.010208;0.023371;0.012595;9.801342;
0.010512;0.024693;0.013694;9.824741;
0.010133;0.023420;0.012671;9.849463;
0.010541;0.024694;0.013619;9.872911;
0.010134;0.024305;0.013604;9.897740;
0.010139;0.023442;0.012739;9.922081;
0.010571;0.024649;0.013585;9.945555;
0.010111;0.023316;0.012651;9.970243;
0.010636;0.024705;0.013566;9.993597;
0.010106;0.023334;0.012688;10.018336;
0.010646;0.024751;0.013649;10.041704;
0.010103;0.023447;0.012724;10.066485;
0.010618;0.024715;0.013542;10.089965;
0.010131;0.024326;0.013618;10.114713;
0.010183;0.023551;0.012692;10.139067;
0.010387;0.024675;0.013607;10.162653;
0.010066;0.023278;0.012679;10.187363;
0.010614;0.024710;0.013571;10.210678;
0.010164;0.023453;0.012604;10.235420;
0.010431;0.024589;0.013621;10.258914;
0.010186;0.023494;0.012666;10.283550;
0.010552;0.024688;0.013579;10.307088;
0.010101;0.024243;0.013574;10.331807;
0.010133;0.023272;0.012617;10.356077;
0.010567;0.024657;0.013465;10.379376;
0.010094;0.023290;0.012655;10.404061;
0.010576;0.024771;0.013716;10.427379;
0.010149;0.023325;0.012633;10.452177;
0.010579;0.024674;0.013637;10.475536;
0.011154;0.024339;0.012723;10.500240;
0.010223;0.024380;0.013622;10.524608;
0.010099;0.024446;0.013863;10.549016;
0.010177;0.023554;0.012797;10.573490;
0.010683;0.024809;0.013607;10.597074;
0.010209;0.023417;0.012644;10.621909;
0.010559;0.024700;0.013572;10.645356;
0.010282;0.023576;0.012654;10.670083;
0.010537;0.024609;0.013573;10.693691;
0.010130;0.023429;0.012633;10.718330;
0.010573;0.024761;0.013675;10.741791;
0.010095;0.024179;0.013566;10.766581;
0.010167;0.023417;0.012746;10.790793;
0.010686;0.024876;0.013626;10.814244;
0.010302;0.023631;0.012686;10.839150;
0.010515;0.024653;0.013642;10.862812;
0.010092;0.023260;0.012679;10.887496;
0.010637;0.024790;0.013595;10.910791;
0.010199;0.023580;0.012775;10.935611;
0.010565;0.024684;0.013587;10.959217;
0.010218;0.024245;0.013548;10.983931;
0.010095;0.023150;0.012567;11.008204;
0.010746;0.025063;0.013638;11.031382;
0.010169;0.023443;0.012777;11.056472;
0.010677;0.024805;0.013612;11.079946;
0.010124;0.023301;0.012649;11.104779;
0.010658;0.024757;0.013556;11.128110;
0.010106;0.023523;0.012858;11.152896;
0.010674;0.024781;0.013601;11.176469;
0.010156;0.024147;0.013496;11.201278;
0.010189;0.024516;0.013755;11.225453;
0.010142;0.024312;0.013584;11.249996;
0.010130;0.023233;0.012638;11.274341;
0.010697;0.024895;0.013654;11.297606;
0.010184;0.023455;0.012633;11.322535;
0.010439;0.024653;0.013674;11.346018;
0.010066;0.023402;0.012669;11.370721;
0.010513;0.024648;0.013598;11.394154;
0.010176;0.023314;0.012605;11.418830;
0.010568;0.024765;0.013619;11.442171;
0.010100;0.024171;0.013519;11.466969;
0.010153;0.023398;0.012675;11.491168;
0.010622;0.024630;0.013560;11.514598;
0.010071;0.023221;0.012637;11.539258;
0.010689;0.024783;0.013546;11.562510;
0.010091;0.023526;0.012761;11.587325;
0.010547;0.024650;0.013626;11.610883;
0.010258;0.024411;0.013617;11.635560;
0.010263;0.024355;0.013571;11.660000;
0.010105;0.024108;0.013507;11.684383;
0.010265;0.023387;0.012623;11.708520;
0.010805;0.025014;0.013595;11.731935;
0.010203;0.023367;0.012681;11.756977;
0.010657;0.024783;0.013635;11.780374;
0.010213;0.023433;0.012705;11.805187;
0.010660;0.024848;0.013677;11.828656;
0.010191;0.023597;0.012712;11.853532;
0.010373;0.024449;0.013527;11.877170;
0.010062;0.024130;0.013496;11.901656;
0.010071;0.023311;0.012617;11.925843;
0.010547;0.024648;0.013561;11.949183;
0.010067;0.023262;0.012613;11.973861;
0.010653;0.024825;0.013649;11.997151;
0.010175;0.023350;0.012592;12.022006;
0.010572;0.024763;0.013624;12.045387;
0.010122;0.023277;0.012582;12.070179;
0.010635;0.024544;0.013383;12.093487;
0.010218;0.024429;0.013690;12.118059;
0.010272;0.023561;0.012667;12.142518;
0.010530;0.024590;0.013583;12.166106;
0.010295;0.023635;0.012737;12.190732;
0.010523;0.024724;0.013596;12.214407;
0.010219;0.023505;0.012596;12.239159;
0.010509;0.024651;0.013612;12.262691;
0.010364;0.023606;0.012680;12.287374;
0.010509;0.024700;0.013650;12.311008;
0.010189;0.024340;0.013572;12.335743;
0.010221;0.023666;0.012769;12.360122;
0.010451;0.024475;0.013533;12.383817;
0.010142;0.023321;0.012701;12.408322;
0.010694;0.024855;0.013677;12.431674;
0.010151;0.023534;0.012706;12.456564;
0.010449;0.024373;0.013475;12.480126;
0.010223;0.023604;0.012747;12.504527;
0.010551;0.024588;0.013562;12.528158;
0.010095;0.024294;0.013603;12.552779;
0.010213;0.023527;0.012740;12.577101;
0.010596;0.024647;0.013521;12.600660;
0.010329;0.023469;0.012628;12.625340;
0.010629;0.024757;0.013671;12.648840;
0.010199;0.023512;0.012701;12.673635;
0.011402;0.025488;0.013558;12.697179;
0.010191;0.023420;0.012634;12.722695;
0.010342;0.024448;0.013596;12.746143;
0.010114;0.024199;0.013554;12.770620;
0.010148;0.023432;0.012657;12.794850;
0.010490;0.024482;0.013506;12.818313;
0.010165;0.023417;0.012676;12.842825;
0.010614;0.024784;0.013651;12.866269;
0.010147;0.023405;0.012658;12.891083;
0.010525;0.024725;0.013710;12.914515;
0.010125;0.023467;0.012732;12.939271;
0.010626;0.024902;0.013747;12.962766;
0.010073;0.024302;0.013639;12.987702;
0.010071;0.023394;0.012728;13.012032;
0.010597;0.024930;0.013870;13.035454;
0.010177;0.023426;0.012659;13.060413;
0.010523;0.024696;0.013718;13.083866;
0.010209;0.023559;0.012635;13.108592;
0.010467;0.024538;0.013583;13.132181;
0.010225;0.023538;0.012675;13.156747;
0.010678;0.024792;0.013608;13.180314;
0.010185;0.024342;0.013574;13.205136;
0.010190;0.024296;0.013578;13.229506;
0.010171;0.024380;0.013583;13.253836;
0.010219;0.023561;0.012726;13.278244;
0.010633;0.024755;0.013613;13.301833;
0.010221;0.023487;0.012632;13.326617;
0.010481;0.024597;0.013580;13.350136;
0.010204;0.023443;0.012724;13.374776;
0.010595;0.024833;0.013654;13.398259;
0.010153;0.023253;0.012598;13.423123;
0.010603;0.024702;0.013541;13.446413;
0.010134;0.024179;0.013554;13.471148;
0.010132;0.023346;0.012610;13.495354;
0.010523;0.024581;0.013607;13.518728;
0.010109;0.023551;0.012681;13.543342;
0.010378;0.024514;0.013581;13.566926;
0.010159;0.023512;0.012756;13.591468;
0.010673;0.024757;0.013598;13.615008;
0.010111;0.023315;0.012648;13.639805;
0.010634;0.024562;0.013459;13.663149;
0.010169;0.024331;0.013582;13.687743;
0.010125;0.023275;0.012681;13.712104;
0.010682;0.024803;0.013583;13.735407;
0.010168;0.023463;0.012810;13.760239;
0.010612;0.024764;0.013595;13.783733;
0.010185;0.023366;0.012607;13.808535;
0.010496;0.024615;0.013621;13.831930;
0.011154;0.024373;0.012758;13.856574;
0.010082;0.024270;0.013630;13.880975;
0.010106;0.024232;0.013653;13.905275;
0.010286;0.023450;0.012665;13.929538;
0.010687;0.024642;0.013494;13.953017;
0.010186;0.023497;0.012740;13.977688;
0.010699;0.024837;0.013520;14.001224;
0.010114;0.023216;0.012559;14.026089;
0.010593;0.024636;0.013528;14.049334;
0.010045;0.023088;0.012507;14.073998;
0.010701;0.025441;0.014209;14.097115;
0.010125;0.024272;0.013552;14.122583;
0.010255;0.023431;0.012568;14.146890;
0.010500;0.024596;0.013578;14.170349;
0.010273;0.023446;0.012637;14.194972;
0.010628;0.024652;0.013435;14.218448;
0.010057;0.023341;0.012616;14.243132;
0.010492;0.024698;0.013497;14.266500;
0.010186;0.023514;0.012719;14.291226;
0.010574;0.024755;0.013634;14.314772;
0.010159;0.024216;0.013539;14.339561;
0.010114;0.023568;0.012757;14.363827;
0.010589;0.024695;0.013585;14.387424;
0.010153;0.023456;0.012716;14.412147;
0.010629;0.024671;0.013537;14.435631;
0.010108;0.023314;0.012752;14.460332;
0.010810;0.025026;0.013657;14.483674;
0.010027;0.023356;0.012732;14.508739;
0.010658;0.024743;0.013579;14.532193;
0.010069;0.024388;0.013687;14.556970;
0.010159;0.023449;0.012731;14.581430;
0.010597;0.024762;0.013639;14.604921;
0.010161;0.023332;0.012611;14.629725;
0.010573;0.024706;0.013596;14.653088;
0.010238;0.023351;0.012492;14.677833;
0.010476;0.024546;0.013570;14.701212;
0.010224;0.023615;0.012792;14.725795;
0.010517;0.024731;0.013609;14.749441;
0.010163;0.024250;0.013629;14.774200;
0.010152;0.023375;0.012712;14.798476;
0.010639;0.024776;0.013654;14.821882;
0.010117;0.023561;0.012744;14.846694;
0.010542;0.024732;0.013644;14.870284;
0.010143;0.023337;0.012644;14.895044;
0.010467;0.024583;0.013522;14.918409;
0.010092;0.023311;0.012587;14.943022;
0.010585;0.024898;0.013594;14.966361;
0.010221;0.024427;0.013654;14.991291;
0.010254;0.024488;0.013715;15.015750;
0.010059;0.024095;0.013481;15.040268;
0.010288;0.023517;0.012644;15.064392;
0.010544;0.024801;0.013687;15.087937;
0.010146;0.023297;0.012602;15.112775;
0.010556;0.024711;0.013591;15.136106;
0.010180;0.023324;0.012592;15.160845;
0.010491;0.024699;0.013582;15.184197;
0.010069;0.024210;0.013655;15.208936;
0.010224;0.024470;0.013734;15.233174;
0.010110;0.024148;0.013567;15.257675;
0.010204;0.023633;0.012722;15.281850;
0.010409;0.024436;0.013519;15.305512;
0.010127;0.023398;0.012661;15.329978;
0.010470;0.024589;0.013641;15.353406;
0.010214;0.023393;0.012630;15.378023;
0.010681;0.024834;0.013682;15.401447;
0.010176;0.023252;0.012639;15.426313;
0.010763;0.025157;0.013925;15.449595;
0.010114;0.024232;0.013633;15.474784;
0.009976;0.023423;0.012875;15.499045;
0.010530;0.024978;0.013935;15.522496;
0.010149;0.023474;0.012670;15.547503;
0.010551;0.024698;0.013651;15.571005;
0.010238;0.023644;0.012757;15.595735;
0.010585;0.024796;0.013686;15.619407;
0.010248;0.023410;0.012617;15.644231;
0.010742;0.024830;0.013630;15.667672;
0.010232;0.024290;0.013592;15.692532;
0.010181;0.023419;0.012604;15.716866;
0.010505;0.024629;0.013572;15.740323;
0.010137;0.023280;0.012617;15.764984;
0.010590;0.024792;0.013545;15.788318;
0.010273;0.023453;0.012642;15.813143;
0.010523;0.024661;0.013607;15.836627;
0.010193;0.023459;0.012733;15.861320;
0.010594;0.024702;0.013579;15.884817;
0.010118;0.024288;0.013692;15.909547;
0.010063;0.023427;0.012765;15.933881;
0.010777;0.024723;0.013450;15.957339;
0.010124;0.023410;0.012663;15.982093;
0.010530;0.024583;0.013535;16.005531;
0.010109;0.023318;0.012576;16.030144;
0.010535;0.024768;0.013583;16.053490;
0.010119;0.023345;0.012712;16.078295;
0.010680;0.024909;0.013663;16.101673;
0.010049;0.024137;0.013579;16.126610;
0.010232;0.023426;0.012602;16.150778;
0.010547;0.024615;0.013474;16.174236;
0.010189;0.023389;0.012516;16.198895;
0.010533;0.024746;0.013645;16.222317;
0.010199;0.023509;0.012728;16.247091;
0.010515;0.024649;0.013625;16.270630;
0.010199;0.023480;0.012724;16.295309;
0.010567;0.024772;0.013715;16.318819;
0.010238;0.024385;0.013648;16.343618;
0.010179;0.023551;0.012573;16.368031;
0.010340;0.024480;0.013586;16.391611;
0.010119;0.023408;0.012672;16.416119;
0.010553;0.024674;0.013639;16.439556;
0.010089;0.023305;0.012648;16.464266;
0.010580;0.024740;0.013622;16.487598;
0.010064;0.023383;0.012753;16.512367;
0.010606;0.024757;0.013636;16.535778;
0.010204;0.024463;0.013628;16.560566;
0.010170;0.023520;0.012757;16.585062;
0.010585;0.024704;0.013518;16.608610;
0.010122;0.023297;0.012612;16.633347;
0.010519;0.024666;0.013559;16.656672;
0.010191;0.023342;0.012681;16.681364;
0.010689;0.024753;0.013550;16.704733;
0.010246;0.023490;0.012645;16.729515;
0.010568;0.024830;0.013765;16.753033;
0.010023;0.024128;0.013543;16.777897;
0.010168;0.023508;0.012689;16.802061;
0.010746;0.024849;0.013583;16.825600;
0.010146;0.023372;0.012676;16.850479;
0.010638;0.024716;0.013582;16.873884;
0.010130;0.023337;0.012683;16.898628;
0.010645;0.024781;0.013645;16.921997;
0.010098;0.023383;0.012636;16.946812;
0.010526;0.024625;0.013644;16.970228;
0.010080;0.024065;0.013442;16.994883;
0.010170;0.023475;0.012660;17.018982;
0.010448;0.024633;0.013617;17.042484;
0.010357;0.023909;0.012775;17.067146;
0.010386;0.024560;0.013583;17.091095;
0.010255;0.023532;0.012689;17.115688;
0.010511;0.024531;0.013523;17.139248;
0.010184;0.023370;0.012684;17.163805;
0.010594;0.024667;0.013531;17.187208;
0.010086;0.024317;0.013623;17.211908;
0.010156;0.023334;0.012624;17.236258;
0.010588;0.024769;0.013647;17.259619;
0.010064;0.023250;0.012610;17.284418;
0.010617;0.024769;0.013614;17.307720;
0.010119;0.023152;0.012543;17.332516;
0.010728;0.024757;0.013525;17.355698;
0.010073;0.023466;0.012773;17.380482;
0.010529;0.024609;0.013610;17.403999;
0.010163;0.024293;0.013604;17.428650;
0.010213;0.023525;0.012769;17.452974;
0.010554;0.024548;0.013432;17.476526;
0.010133;0.023446;0.012668;17.501104;
0.010480;0.024563;0.013544;17.524584;
0.010137;0.023325;0.012708;17.549173;
0.010641;0.024815;0.013612;17.572529;
0.010216;0.023529;0.012729;17.597370;
0.010497;0.024724;0.013673;17.620932;
0.010148;0.024257;0.013605;17.645685;
0.010173;0.023230;0.012542;17.669973;
0.010719;0.024834;0.013604;17.693233;
0.010184;0.023278;0.012528;17.718096;
0.010570;0.024717;0.013623;17.741405;
0.010125;0.023381;0.012718;17.766150;
0.010532;0.024532;0.013549;17.789560;
0.010168;0.023301;0.012574;17.814123;
0.010650;0.024633;0.013447;17.837456;
0.010098;0.024245;0.013633;17.862122;
0.010227;0.023441;0.012649;17.886393;
0.010514;0.024514;0.013475;17.909885;
0.010166;0.023504;0.012758;17.934439;
0.010523;0.024546;0.013582;17.957977;
0.010106;0.023271;0.012636;17.982553;
0.010577;0.024905;0.013863;18.005850;
0.010868;0.024180;0.012752;18.030794;
0.010121;0.024110;0.013477;18.055006;
0.010206;0.024410;0.013604;18.079145;
0.010192;0.023681;0.012845;18.103584;
0.010492;0.024629;0.013610;18.127296;
0.010215;0.023413;0.012644;18.151958;
0.010624;0.024982;0.013668;18.175407;
0.010106;0.023398;0.012764;18.200422;
0.010738;0.024851;0.013539;18.223848;
0.010125;0.023468;0.012744;18.248726;
0.010508;0.024506;0.013481;18.272223;
0.010167;0.024219;0.013529;18.296757;
0.010094;0.023446;0.012665;18.321005;
0.010708;0.024800;0.013561;18.344484;
0.009982;0.023301;0.012737;18.369322;
0.010695;0.024813;0.013658;18.392656;
0.010244;0.023558;0.012623;18.417498;
0.010571;0.024598;0.013580;18.441086;
0.010059;0.023381;0.012713;18.465712;
0.010597;0.024771;0.013662;18.489120;
0.010003;0.024080;0.013540;18.513922;
0.010265;0.023449;0.012633;18.538044;
0.010504;0.024621;0.013453;18.561537;
0.010032;0.023282;0.012681;18.586197;
0.010559;0.024673;0.013592;18.609510;
0.010126;0.023340;0.012710;18.634212;
0.010553;0.024724;0.013658;18.657581;
0.010260;0.023489;0.012629;18.682335;
0.010533;0.024544;0.013428;18.705851;
0.010223;0.024275;0.013577;18.730423;
0.010147;0.023482;0.012692;18.754728;
0.010554;0.024591;0.013561;18.778238;
0.010121;0.023453;0.012728;18.802860;
0.010575;0.024829;0.013613;18.826342;
0.010066;0.023346;0.012663;18.851202;
0.010559;0.024760;0.013569;18.874578;
0.011070;0.024475;0.012748;18.899368;
0.010149;0.024283;0.013629;18.923874;
0.010056;0.024184;0.013562;18.948191;
0.010180;0.023327;0.012672;18.972404;
0.010674;0.024796;0.013597;18.995758;
0.010200;0.023475;0.012737;19.020586;
0.010523;0.024678;0.013638;19.044090;
0.010182;0.023392;0.012668;19.068796;
0.010547;0.024800;0.013706;19.092218;
0.010171;0.023525;0.012725;19.117054;
0.010559;0.024734;0.013621;19.140610;
0.010112;0.024164;0.013576;19.165373;
0.010238;0.023590;0.012764;19.189566;
0.010600;0.024676;0.013626;19.213186;
0.010079;0.023363;0.012584;19.237892;
0.010499;0.024516;0.013571;19.261284;
0.010172;0.023517;0.012753;19.285828;
0.010560;0.024743;0.013558;19.309374;
0.010015;0.023378;0.012695;19.334150;
0.010523;0.024646;0.013494;19.357555;
0.010125;0.024374;0.013687;19.382318;
0.010185;0.023350;0.012635;19.406721;
0.010560;0.024810;0.013661;19.430101;
0.010161;0.023374;0.012655;19.454960;
0.010676;0.024836;0.013583;19.478363;
0.010085;0.023332;0.012633;19.503231;
0.010550;0.024589;0.013487;19.526596;
0.010171;0.023443;0.012696;19.551214;
0.010483;0.024695;0.013613;19.574686;
0.010174;0.024269;0.013623;19.599409;
0.010144;0.023307;0.012645;19.623707;
0.010629;0.024801;0.013688;19.647053;
0.010288;0.023583;0.012634;19.671890;
0.010629;0.024841;0.013604;19.695505;
0.010210;0.023293;0.012633;19.720375;
0.010786;0.024806;0.013498;19.743696;
0.010104;0.023419;0.012771;19.768534;
0.010574;0.024600;0.013545;19.791988;
0.010146;0.024279;0.013617;19.816643;
0.010241;0.023562;0.012623;19.840948;
0.010507;0.025072;0.013991;19.864540;
0.010294;0.023609;0.012742;19.889641;
0.010616;0.024831;0.013627;19.913279;
0.010090;0.023378;0.012672;19.938141;
0.010612;0.024739;0.013601;19.961550;
0.010172;0.023228;0.012618;19.986319;
0.010669;0.024935;0.013634;20.009575;
0.010119;0.024184;0.013594;20.034538;
0.010106;0.024430;0.013808;20.058750;
0.010132;0.024245;0.013607;20.083206;
0.010162;0.023554;0.012755;20.107483;
0.010501;0.024621;0.013628;20.131065;
0.010168;0.023213;0.012613;20.155714;
0.010763;0.024903;0.013648;20.178955;
0.010239;0.023472;0.012731;20.203899;
0.010586;0.024577;0.013512;20.227400;
0.010071;0.023392;0.012688;20.252008;
0.010627;0.024374;0.013252;20.275429;
0.010106;0.024307;0.013678;20.299831;
0.010100;0.023370;0.012682;20.324167;
0.010507;0.024689;0.013592;20.347565;
0.010145;0.023430;0.012660;20.372282;
0.010525;0.024537;0.013539;20.395742;
0.010229;0.023501;0.012774;20.420309;
0.010650;0.024956;0.013877;20.443838;
0.011228;0.024464;0.012686;20.468822;
0.010134;0.024325;0.013674;20.493324;
0.010109;0.024115;0.013571;20.517681;
0.010210;0.023429;0.012687;20.541824;
0.010598;0.024834;0.013591;20.565283;
0.010110;0.023392;0.012675;20.590155;
0.010554;0.024805;0.013636;20.613579;
0.010150;0.023241;0.012562;20.638412;
0.010568;0.024824;0.013690;20.661680;
0.010145;0.023425;0.012750;20.686533;
0.010537;0.024621;0.013586;20.709990;
0.010106;0.024216;0.013615;20.734642;
0.010133;0.023532;0.012770;20.758883;
0.010695;0.024724;0.013471;20.782446;
0.010207;0.023426;0.012624;20.807198;
0.010523;0.024629;0.013607;20.830652;
0.010268;0.023423;0.012616;20.855312;
0.010761;0.024854;0.013575;20.878763;
0.010139;0.023534;0.012763;20.903652;
0.010588;0.024622;0.013568;20.927216;
0.010175;0.024357;0.013622;20.951866;
0.010187;0.023478;0.012731;20.976254;
0.010532;0.024621;0.013544;20.999762;
0.010149;0.023502;0.012807;21.024410;
0.010560;0.024627;0.013465;21.048058;
0.010264;0.023586;0.012726;21.072712;
0.010642;0.024640;0.013542;21.096327;
0.010150;0.023527;0.012661;21.120995;
0.010424;0.024530;0.013567;21.144562;
0.010177;0.024297;0.013601;21.169136;
0.010107;0.023344;0.012658;21.193459;
0.010631;0.024775;0.013631;21.216833;
0.010150;0.023415;0.012663;21.241638;
0.010541;0.024518;0.013425;21.265081;
0.010088;0.023568;0.012815;21.289633;
0.010506;0.024803;0.013704;21.313234;
0.010120;0.023482;0.012636;21.338081;
0.010601;0.025074;0.013946;21.361599;
0.010284;0.024568;0.013595;21.386702;
0.010031;0.024541;0.013982;21.411299;
0.010131;0.024196;0.013491;21.435867;
0.010164;0.023510;0.012698;21.460096;
0.010636;0.024799;0.013635;21.483641;
0.010161;0.023356;0.012614;21.508467;
0.010528;0.024768;0.013635;21.531853;
0.010125;0.023219;0.012618;21.556648;
0.010680;0.024953;0.013689;21.579897;
0.010146;0.023370;0.012669;21.604877;
0.010540;0.024696;0.013605;21.628277;
0.010222;0.024345;0.013611;21.653000;
0.010281;0.023534;0.012698;21.677376;
0.010623;0.024751;0.013639;21.700939;
0.010182;0.023528;0.012730;21.725718;
0.010604;0.024682;0.013601;21.749273;
0.010153;0.023306;0.012656;21.773983;
0.010743;0.024905;0.013601;21.797318;
0.010034;0.023206;0.012598;21.822262;
0.010650;0.024918;0.013628;21.845495;
0.009982;0.024259;0.013669;21.870445;
0.010207;0.023562;0.012782;21.894737;
0.010556;0.024710;0.013635;21.918327;
0.010151;0.023304;0.012605;21.943090;
0.010553;0.024670;0.013587;21.966423;
0.010185;0.023402;0.012693;21.991121;
0.010649;0.024764;0.013529;22.014551;
0.010095;0.023259;0.012622;22.039341;
0.010561;0.024636;0.013534;22.062630;
0.010196;0.024371;0.013587;22.087294;
0.010263;0.023662;0.012806;22.111692;
0.010639;0.024769;0.013589;22.135387;
0.010087;0.023274;0.012593;22.160192;
0.010634;0.024799;0.013616;22.183498;
0.010122;0.024815;0.014163;22.208324;
0.010371;0.024461;0.013594;22.233175;
0.010091;0.023312;0.012701;22.257666;
0.010678;0.024797;0.013525;22.281006;
0.010088;0.023455;0.012735;22.305832;
0.010645;0.024685;0.013555;22.329317;
0.010133;0.024198;0.013475;22.354033;
0.010158;0.023433;0.012597;22.378260;
0.010421;0.024559;0.013537;22.401724;
0.010195;0.023373;0.012624;22.426317;
0.010488;0.024785;0.013649;22.449717;
0.010170;0.023415;0.012746;22.474531;
0.010695;0.024805;0.013587;22.497976;
0.010172;0.023412;0.012639;22.522810;
0.010525;0.024765;0.013701;22.546251;
0.010123;0.024251;0.013564;22.571043;
0.010088;0.023248;0.012633;22.595324;
0.010585;0.024709;0.013593;22.618601;
0.010094;0.023323;0.012700;22.643347;
0.010544;0.024503;0.013516;22.666704;
0.010127;0.023485;0.012750;22.691254;
0.010488;0.024700;0.013702;22.714781;
0.010120;0.024285;0.013595;22.739511;
0.010133;0.023902;0.013317;22.763823;
0.010100;0.024210;0.013625;22.787756;
0.010120;0.023324;0.012624;22.811993;
0.010549;0.024605;0.013577;22.835348;
0.010122;0.023411;0.012656;22.859985;
0.010541;0.024653;0.013625;22.883429;
0.010082;0.023336;0.012618;22.908119;
0.010507;0.024881;0.013850;22.931488;
0.010106;0.024290;0.013672;22.956398;
0.010152;0.024389;0.013740;22.980719;
0.010221;0.024478;0.013623;23.005135;
0.010159;0.023208;0.012623;23.029642;
0.010701;0.024762;0.013527;23.052879;
0.010137;0.023433;0.012662;23.077671;
0.010622;0.024809;0.013613;23.101131;
0.010219;0.023475;0.012711;23.125969;
0.010603;0.024763;0.013609;23.149473;
0.010195;0.023460;0.012752;23.174271;
0.010560;0.024789;0.013589;23.197758;
0.010137;0.024152;0.013511;23.222576;
0.010190;0.023315;0.012576;23.246758;
0.010462;0.024547;0.013592;23.270103;
0.010165;0.023555;0.012781;23.294680;
0.010578;0.024673;0.013616;23.318268;
0.010093;0.023455;0.012719;23.342972;
0.010523;0.024721;0.013651;23.366463;
0.010085;0.023593;0.012720;23.391233;
0.010481;0.024683;0.013652;23.414856;
0.010238;0.024404;0.013634;23.439566;
0.010245;0.023437;0.012587;23.464025;
0.010674;0.025198;0.013567;23.487492;
0.010106;0.023318;0.012675;23.512722;
0.010582;0.024763;0.013652;23.536068;
0.010172;0.023423;0.012635;23.560860;
0.010505;0.024719;0.013656;23.584316;
0.010144;0.023468;0.012713;23.609062;
0.010499;0.024534;0.013497;23.632563;
0.009999;0.024112;0.013592;23.657141;
0.010158;0.023408;0.012594;23.681286;
0.010703;0.024883;0.013568;23.704733;
0.010213;0.023554;0.012727;23.729647;
0.010534;0.024579;0.013546;23.753233;
0.010113;0.023293;0.012699;23.777849;
0.010697;0.024870;0.013645;23.801174;
0.010281;0.023581;0.012713;23.826073;
0.010559;0.024661;0.013568;23.849682;
0.010072;0.024229;0.013597;23.874371;
0.010222;0.023359;0.012636;23.898628;
0.010603;0.024761;0.013532;23.922014;
0.010173;0.023449;0.012690;23.946804;
0.010507;0.024586;0.013533;23.970284;
0.010153;0.023455;0.012720;23.994911;
0.010535;0.024686;0.013639;24.018394;
0.010198;0.023430;0.012631;24.043112;
0.010478;0.024627;0.013610;24.066574;
0.010150;0.024316;0.013546;24.091232;
0.010138;0.023334;0.012645;24.115582;
0.010572;0.024737;0.013609;24.138945;
0.010116;0.023396;0.012793;24.163712;
0.010700;0.024777;0.013613;24.187136;
0.010106;0.023406;0.012709;24.211943;
0.010665;0.024792;0.013604;24.235374;
0.010229;0.023610;0.012733;24.260195;
0.010485;0.024580;0.013597;24.283833;
0.009995;0.024053;0.013512;24.308439;
0.010224;0.023489;0.012675;24.332521;
0.010559;0.024692;0.013555;24.356041;
0.010210;0.023537;0.012766;24.380760;
0.010550;0.024581;0.013449;24.404325;
0.010109;0.023492;0.012761;24.428934;
0.010516;0.024598;0.013554;24.452459;
0.010274;0.023398;0.012591;24.477085;
0.010553;0.024838;0.013706;24.500513;
0.010139;0.024176;0.013556;24.525389;
0.010269;0.023391;0.012669;24.549593;
0.012434;0.026873;0.013641;24.573013;
0.010040;0.023226;0.012686;24.599922;
0.010655;0.024722;0.013623;24.623190;
0.010148;0.023241;0.012645;24.647940;
0.010725;0.024751;0.013522;24.671211;
0.010157;0.023405;0.012719;24.695992;
0.010596;0.024682;0.013616;24.719427;
0.010144;0.023317;0.012620;24.744141;
0.010674;0.024695;0.013574;24.767488;
0.010080;0.024148;0.013560;24.792219;
0.010046;0.023178;0.012590;24.816397;
0.010629;0.024653;0.013534;24.839603;
0.010161;0.023404;0.012657;24.864292;
0.010565;0.024678;0.013599;24.887730;
0.010124;0.023484;0.012701;24.912439;
0.010475;0.024815;0.013684;24.935949;
0.010133;0.023301;0.012696;24.960796;
0.010690;0.024581;0.013326;24.984125;
0.010162;0.024210;0.013598;25.008738;
0.010160;0.023466;0.012755;25.032976;
0.010672;0.024834;0.013655;25.056473;
0.010121;0.023399;0.012675;25.081341;
0.010556;0.024561;0.013502;25.104769;
0.010343;0.023566;0.012641;25.129364;
0.010592;0.024699;0.013556;25.152960;
0.010150;0.023431;0.012733;25.177687;
0.010597;0.024444;0.013338;25.201151;
0.010132;0.024170;0.013576;25.225620;
0.010265;0.023512;0.012695;25.249819;
0.010618;0.024750;0.013637;25.273359;
0.010231;0.023335;0.012642;25.298140;
0.010642;0.024725;0.013558;25.321501;
0.010080;0.023266;0.012639;25.346258;
0.010630;0.025093;0.013742;25.369553;
0.010683;0.024435;0.013268;25.394676;
0.010277;0.024749;0.013879;25.419138;
0.010212;0.024393;0.013646;25.443920;
0.010170;0.023461;0.012621;25.468349;
0.010455;0.024741;0.013601;25.491840;
0.010226;0.023493;0.012745;25.516609;
0.010645;0.024699;0.013516;25.540133;
0.010233;0.023432;0.012644;25.564865;
0.010478;0.024541;0.013573;25.588346;
0.010291;0.023496;0.012754;25.612953;
0.010645;0.024725;0.013599;25.636486;
0.010177;0.024130;0.013456;25.661253;
0.010113;0.023384;0.012692;25.685419;
0.010582;0.024813;0.013657;25.708832;
0.010188;0.023480;0.012683;25.733673;
0.010514;0.024545;0.013528;25.757181;
0.010131;0.023316;0.012645;25.781755;
0.010632;0.024799;0.013657;25.805099;
0.010160;0.023538;0.012760;25.829929;
0.010560;0.024642;0.013608;25.853497;
0.010253;0.024334;0.013573;25.878170;
0.010217;0.024245;0.013455;25.902534;
0.010227;0.024328;0.013551;25.926807;
0.010192;0.023445;0.012656;25.951166;
0.010533;0.024604;0.013556;25.974640;
0.010174;0.023409;0.012616;25.999275;
0.010560;0.024704;0.013560;26.022724;
0.010063;0.023153;0.012603;26.047459;
0.010612;0.024671;0.013523;26.070641;
0.010113;0.024346;0.013614;26.095358;
0.010113;0.024621;0.013873;26.119743;
0.010063;0.024235;0.013609;26.144407;
0.010169;0.023443;0.012752;26.168676;
0.010686;0.024750;0.013556;26.192148;
0.010026;0.023425;0.012763;26.216925;
0.010582;0.024580;0.013551;26.240395;
0.010085;0.023248;0.012626;26.265007;
0.010598;0.024612;0.013564;26.288288;
0.011085;0.024163;0.012594;26.312931;
0.010192;0.024077;0.013353;26.337124;
0.010168;0.024332;0.013627;26.361235;
0.010165;0.023400;0.012667;26.385605;
0.010566;0.024711;0.013574;26.409035;
0.010176;0.023849;0.012760;26.433775;
0.010198;0.024212;0.013512;26.457651;
0.010239;0.023510;0.012720;26.481892;
0.010555;0.024693;0.013633;26.505432;
0.010238;0.023458;0.012707;26.530153;
0.010753;0.024637;0.013314;26.553640;
0.010136;0.024232;0.013576;26.578308;
0.010135;0.023407;0.012670;26.602573;
0.010501;0.024643;0.013620;26.626009;
0.010185;0.023288;0.012628;26.650679;
0.010762;0.024814;0.013526;26.673996;
0.010127;0.023291;0.012664;26.698837;
0.010772;0.024788;0.013552;26.722157;
0.010083;0.024123;0.013501;26.746973;
0.010165;0.024578;0.013734;26.771124;
0.010102;0.024294;0.013669;26.795738;
0.010227;0.023435;0.012620;26.820066;
0.010542;0.024670;0.013628;26.843533;
0.010258;0.023562;0.012674;26.868233;
0.010503;0.024707;0.013523;26.891821;
0.011935;0.025198;0.012670;26.916565;
0.010488;0.024707;0.013649;26.941792;
0.010197;0.023597;0.012836;26.966528;
0.010600;0.024710;0.013535;26.990152;
0.010094;0.023344;0.012678;27.014894;
0.010520;0.024715;0.013641;27.038280;
0.010207;0.024417;0.013679;27.063032;
0.010241;0.023427;0.012715;27.087479;
0.010708;0.024854;0.013589;27.110939;
0.010150;0.023322;0.012689;27.135822;
0.010706;0.024822;0.013580;27.159176;
0.010126;0.023486;0.012742;27.184025;
0.010519;0.024639;0.013649;27.207541;
0.010096;0.023320;0.012647;27.232210;
0.010679;0.024768;0.013608;27.255560;
0.010092;0.024213;0.013540;27.280369;
0.010149;0.023340;0.012686;27.304617;
0.010630;0.024771;0.013586;27.327986;
0.010157;0.023493;0.012783;27.352789;
0.010542;0.024632;0.013571;27.376308;
0.010237;0.023614;0.012805;27.400970;
0.010571;0.024834;0.013636;27.424610;
0.010204;0.023568;0.012670;27.449478;
0.010513;0.024742;0.013628;27.473074;
0.009887;0.024001;0.013629;27.497852;
0.010150;0.023428;0.012743;27.521883;
0.010596;0.024698;0.013537;27.545341;
0.010152;0.023432;0.012701;27.570074;
0.010595;0.024720;0.013653;27.593538;
0.010186;0.023503;0.012762;27.618286;
0.010500;0.024636;0.013592;27.641853;
0.010111;0.023294;0.012655;27.666521;
0.010596;0.024693;0.013568;27.689846;
0.010135;0.024264;0.013606;27.714567;
0.010110;0.023336;0.012712;27.738863;
0.010566;0.024728;0.013636;27.762228;
0.010128;0.023457;0.012723;27.786983;
0.010527;0.024702;0.013666;27.810484;
0.010273;0.023540;0.012630;27.835218;
0.010526;0.025103;0.013909;27.858789;
0.010187;0.023448;0.012720;27.883924;
0.010631;0.024894;0.013754;27.907404;
0.010120;0.024128;0.013488;27.932335;
0.010156;0.024462;0.013796;27.956493;
0.010150;0.024285;0.013593;27.980988;
0.010231;0.023549;0.012630;28.005304;
0.010407;0.024476;0.013517;28.028885;
0.010167;0.023385;0.012672;28.053402;
0.010609;0.024733;0.013537;28.076818;
0.010146;0.023340;0.012682;28.101582;
0.010625;0.024747;0.013603;28.124952;
0.011125;0.024267;0.012656;28.149729;
0.010129;0.024331;0.013678;28.174023;
0.010157;0.024164;0.013550;28.198385;
0.010094;0.023373;0.012669;28.222578;
0.010527;0.024584;0.013560;28.245979;
0.010153;0.023356;0.012670;28.270590;
0.010633;0.024670;0.013567;28.293976;
0.010130;0.023330;0.012657;28.318676;
0.010576;0.024749;0.013651;28.342035;
0.011150;0.024417;0.012743;28.366814;
0.010109;0.024191;0.013562;28.391266;
0.010176;0.024498;0.013657;28.415495;
0.010165;0.023467;0.012682;28.440023;
0.010491;0.024780;0.013648;28.463522;
0.010173;0.023242;0.012501;28.488329;
0.010609;0.024861;0.013526;28.511620;
0.010150;0.023266;0.012610;28.536526;
0.010674;0.024890;0.013536;28.559824;
0.010047;0.023344;0.012746;28.584749;
0.010506;0.024647;0.013595;28.608122;
0.010130;0.024135;0.013490;28.632795;
0.010184;0.023319;0.012640;28.656958;
0.010575;0.024682;0.013642;28.680305;
0.010119;0.023357;0.012669;28.705019;
0.010596;0.024494;0.013441;28.728407;
0.010169;0.023309;0.012683;28.752932;
0.010729;0.024896;0.013686;28.776268;
0.010129;0.023553;0.012806;28.801193;
0.010614;0.024657;0.013532;28.824776;
0.010106;0.024322;0.013641;28.849461;
0.010154;0.023355;0.012720;28.873814;
0.010603;0.024638;0.013514;28.897200;
0.010211;0.023396;0.012672;28.921864;
0.010571;0.024690;0.013596;28.945290;
0.010260;0.023596;0.012745;28.970005;
0.010541;0.024606;0.013519;28.993633;
0.010103;0.023479;0.012814;29.018274;
0.010647;0.024805;0.013601;29.041786;
0.010084;0.024207;0.013567;29.066622;
0.010128;0.023354;0.012715;29.090855;
0.010728;0.024805;0.013561;29.114241;
0.010152;0.023426;0.012761;29.139076;
0.010621;0.024749;0.013645;29.162542;
0.010109;0.023362;0.012718;29.187317;
0.010740;0.024907;0.013633;29.210709;
0.010133;0.023302;0.012598;29.235647;
0.010530;0.024672;0.013639;29.259048;
0.010089;0.024197;0.013429;29.283752;
0.010273;0.023546;0.012692;29.307976;
0.010534;0.024648;0.013623;29.331549;
0.010138;0.023414;0.012690;29.356222;
0.010559;0.024695;0.013616;29.379665;
0.010251;0.023658;0.012791;29.404402;
0.010458;0.024679;0.013548;29.428091;
0.010139;0.023344;0.012583;29.452801;
0.010506;0.024851;0.013589;29.476171;
0.010096;0.024166;0.013548;29.501057;
0.010259;0.023550;0.012721;29.525248;
0.010632;0.024759;0.013586;29.548828;
0.010114;0.023506;0.012713;29.573616;
0.010541;0.024663;0.013565;29.597149;
0.010268;0.023580;0.012689;29.621840;
0.010562;0.024632;0.013585;29.645458;
0.010138;0.023330;0.012623;29.670126;
0.010557;0.024527;0.013501;29.693491;
0.010111;0.024325;0.013685;29.718060;
0.010209;0.023498;0.012701;29.742413;
0.010544;0.024599;0.013563;29.765942;
0.010165;0.023447;0.012663;29.790571;
0.010557;0.024648;0.013531;29.814045;
0.010168;0.023372;0.012692;29.838724;
0.010576;0.024641;0.013523;29.862125;
0.010136;0.023259;0.012648;29.886793;
0.010679;0.024897;0.013685;29.910086;
0.010168;0.024260;0.013583;29.935015;
0.010188;0.023507;0.012693;29.959299;
0.010511;0.024569;0.013533;29.982838;
0.010224;0.023440;0.012527;30.007444;
0.010422;0.024475;0.013598;30.030922;
0.010134;0.023473;0.012712;30.055429;
0.010523;0.024550;0.013559;30.078930;
0.011053;0.024300;0.012707;30.103550;
0.010106;0.024277;0.013630;30.127888;
0.010112;0.024161;0.013537;30.152193;
0.010198;0.023457;0.012712;30.176382;
0.010605;0.024664;0.013543;30.199865;
0.010204;0.023334;0.012620;30.224558;
0.010739;0.024771;0.013502;30.247919;
0.010192;0.023382;0.012664;30.272720;
0.010570;0.024790;0.013652;30.296129;
0.010094;0.023312;0.012707;30.320948;
0.010568;0.024888;0.013861;30.344288;
0.010063;0.024117;0.013561;30.369205;
0.010325;0.023697;0.012677;30.393354;
0.010488;0.024624;0.013589;30.417080;
0.010182;0.023426;0.012624;30.441734;
0.010565;0.024693;0.013560;30.465195;
0.010144;0.023395;0.012707;30.489918;
0.011142;0.025426;0.013621;30.513344;
0.010183;0.023533;0.012764;30.538803;
0.010503;0.024654;0.013608;30.562366;
0.010048;0.024313;0.013707;30.587086;
0.010153;0.024145;0.013316;30.611435;
0.010230;0.024301;0.013602;30.635616;
0.010210;0.023364;0.012661;30.659956;
0.010601;0.024686;0.013562;30.683348;
0.010157;0.023479;0.012738;30.708061;
0.010560;0.024615;0.013586;30.731569;
0.010269;0.023470;0.012658;30.756216;
0.010616;0.024630;0.013563;30.779715;
0.010192;0.024333;0.013569;30.804373;
0.010313;0.024492;0.013694;30.828735;
0.010045;0.024193;0.013596;30.853260;
0.010218;0.023205;0.012554;30.877483;
0.010647;0.024740;0.013563;30.900719;
0.010212;0.023500;0.012705;30.925489;
0.010565;0.024756;0.013610;30.949017;
0.010243;0.023370;0.012617;30.973801;
0.010623;0.024848;0.013626;30.997200;
0.010176;0.023692;0.012820;31.022079;
0.010404;0.024602;0.013690;31.045805;
0.010153;0.024124;0.013509;31.070438;
0.010129;0.023406;0.012628;31.094593;
0.010503;0.024655;0.013613;31.118032;
0.010062;0.023181;0.012558;31.142725;
0.010588;0.024688;0.013596;31.165936;
0.010153;0.023402;0.012728;31.190685;
0.010617;0.024787;0.013561;31.214117;
0.011145;0.024483;0.012713;31.238943;
0.010155;0.024286;0.013592;31.263460;
0.010099;0.024220;0.013546;31.287777;
0.010227;0.023349;0.012624;31.312023;
0.010540;0.024660;0.013528;31.335402;
0.010191;0.023300;0.012574;31.360094;
0.010654;0.024771;0.013543;31.383425;
0.010180;0.023491;0.012713;31.408222;
0.010496;0.024632;0.013615;31.431740;
0.010114;0.023501;0.012770;31.456402;
0.010637;0.024813;0.013582;31.479931;
0.010055;0.024296;0.013575;31.504776;
0.010166;0.023520;0.012663;31.529102;
0.010547;0.024660;0.013619;31.552650;
0.010219;0.023477;0.012642;31.577339;
0.010553;0.024544;0.013512;31.600845;
0.010266;0.023464;0.012642;31.625418;
0.010690;0.024751;0.013545;31.648911;
0.010131;0.023285;0.012584;31.673693;
0.010570;0.024628;0.013525;31.697002;
0.010036;0.024275;0.013652;31.721663;
0.010351;0.023514;0.012624;31.745972;
0.010559;0.024594;0.013569;31.769514;
0.010225;0.023555;0.012776;31.794134;
0.010575;0.024730;0.013601;31.817720;
0.010309;0.023520;0.012634;31.842485;
0.010594;0.024659;0.013578;31.866034;
0.010159;0.023369;0.012772;31.890722;
0.010650;0.024861;0.013593;31.914122;
0.010151;0.024275;0.013654;31.939013;
0.010253;0.023538;0.012594;31.963314;
0.010405;0.024520;0.013635;31.986883;
0.010144;0.023525;0.012722;32.011433;
0.010647;0.024749;0.013481;32.034985;
0.010045;0.023219;0.012607;32.059765;
0.010639;0.024635;0.013504;32.083015;
0.010116;0.023517;0.012719;32.107677;
0.010411;0.024528;0.013562;32.131226;
0.010124;0.024233;0.013528;32.155781;
0.010141;0.023316;0.012645;32.180042;
0.010582;0.024686;0.013624;32.203388;
0.010260;0.023539;0.012637;32.228104;
0.010470;0.024621;0.013604;32.251675;
0.010208;0.023343;0.012592;32.276325;
0.010622;0.024660;0.013530;32.299702;
0.010232;0.023404;0.012675;32.324387;
0.010609;0.024533;0.013370;32.347824;
0.010104;0.024092;0.013506;32.372387;
0.010037;0.023173;0.012651;32.396507;
0.010661;0.024775;0.013586;32.419720;
0.010153;0.023377;0.012674;32.444530;
0.010647;0.024615;0.013490;32.467937;
0.010204;0.023849;0.012825;32.492588;
0.010366;0.024516;0.013586;32.516468;
0.010108;0.024280;0.013626;32.541016;
0.010089;0.024726;0.014135;32.565331;
0.010106;0.024228;0.013595;32.590092;
0.010146;0.023387;0.012666;32.614349;
0.010581;0.024725;0.013616;32.637764;
0.010123;0.023342;0.012651;32.662518;
0.010656;0.024754;0.013614;32.685898;
0.010132;0.023367;0.012675;32.710682;
0.011110;0.025230;0.013579;32.734077;
0.010135;0.023489;0.012799;32.759338;
0.010556;0.024692;0.013618;32.782864;
0.010128;0.024225;0.013547;32.807587;
0.010075;0.023537;0.012935;32.831841;
0.010621;0.024724;0.013596;32.855412;
0.010135;0.023427;0.012713;32.880165;
0.010496;0.024625;0.013576;32.903625;
0.010150;0.023400;0.012743;32.928280;
0.010696;0.024811;0.013596;32.951717;
0.010167;0.023220;0.012473;32.976559;
0.010588;0.024800;0.013670;32.999813;
0.010263;0.024421;0.013592;33.024639;
0.010069;0.023180;0.012657;33.049091;
0.010669;0.024760;0.013591;33.072296;
0.010220;0.023595;0.012726;33.097084;
0.010473;0.024540;0.013572;33.120808;
0.010140;0.023365;0.012643;33.145420;
0.010648;0.024816;0.013659;33.168812;
0.010196;0.023389;0.012651;33.193672;
0.010670;0.024843;0.013669;33.217091;
0.010117;0.024240;0.013513;33.241962;
0.010118;0.023257;0.012600;33.266232;
0.010609;0.024663;0.013541;33.289520;
0.010267;0.023448;0.012615;33.314213;
0.010568;0.024724;0.013649;33.337696;
0.010160;0.023438;0.012714;33.362450;
0.010609;0.024893;0.013631;33.385914;
0.010100;0.023297;0.012672;33.410839;
0.010628;0.024876;0.013551;33.434162;
0.010156;0.024268;0.013644;33.459068;
0.010159;0.024636;0.013801;33.483364;
0.010057;0.024206;0.013591;33.508026;
0.010116;0.023369;0.012636;33.532261;
0.010523;0.024654;0.013591;33.555679;
0.010207;0.023502;0.012683;33.580364;
0.010609;0.024498;0.013393;33.603897;
0.010121;0.023384;0.012671;33.628422;
0.010620;0.024817;0.013667;33.651833;
0.011054;0.024260;0.012615;33.676689;
0.010250;0.024339;0.013603;33.700981;
0.010053;0.024220;0.013682;33.725349;
0.010253;0.023455;0.012612;33.749596;
0.010622;0.025016;0.013660;33.773079;
0.010156;0.023370;0.012672;33.798126;
0.010575;0.024659;0.013592;33.821529;
0.010173;0.023402;0.012668;33.846218;
0.010532;0.024623;0.013570;33.869652;
0.010022;0.023141;0.012676;33.894306;
0.010666;0.024760;0.013551;33.917480;
0.010153;0.024284;0.013677;33.942268;
0.010188;0.023550;0.012710;33.966595;
0.010533;0.024644;0.013572;33.990173;
0.010057;0.023283;0.012637;34.014847;
0.010724;0.024892;0.013613;34.038158;
0.010194;0.023411;0.012654;34.063080;
0.010599;0.024689;0.013571;34.086514;
0.010063;0.023360;0.012728;34.111237;
0.010645;0.024785;0.013669;34.134628;
0.010123;0.024166;0.013535;34.159447;
0.010163;0.023256;0.012565;34.183640;
0.010574;0.024627;0.013538;34.206924;
0.010153;0.023282;0.012527;34.231583;
0.010494;0.024716;0.013667;34.254940;
0.010165;0.023341;0.012607;34.279682;
0.010612;0.024756;0.013624;34.303055;
0.010855;0.023934;0.012626;34.327839;
0.010250;0.024277;0.013470;34.351803;
0.010165;0.024245;0.013571;34.376110;
0.010127;0.023448;0.012705;34.400383;
0.010590;0.024723;0.013576;34.423862;
0.010157;0.023544;0.012725;34.448620;
0.010674;0.024785;0.013534;34.472191;
0.010132;0.023367;0.012611;34.497009;
0.010589;0.024577;0.013473;34.520409;
0.011161;0.024346;0.012634;34.545017;
0.010106;0.024282;0.013637;34.569393;
0.010144;0.024284;0.013584;34.593700;
0.010130;0.023293;0.012633;34.618011;
0.010655;0.024737;0.013523;34.641338;
0.010162;0.023528;0.012816;34.666103;
0.010457;0.024658;0.013616;34.689659;
0.010202;0.023319;0.012681;34.714359;
0.010614;0.024826;0.013654;34.737713;
0.010102;0.023397;0.012704;34.762569;
0.010516;0.024705;0.013686;34.785999;
0.010078;0.024316;0.013621;34.810738;
0.010227;0.023533;0.012749;34.835091;
0.010642;0.024744;0.013589;34.858650;
0.010202;0.023452;0.012635;34.883430;
0.010544;0.024672;0.013643;34.906914;
0.010147;0.023565;0.012783;34.931614;
0.010593;0.024803;0.013588;34.955223;
0.010019;0.023317;0.012694;34.980057;
0.010499;0.024575;0.013533;35.003410;
0.010104;0.024108;0.013513;35.028015;
0.010079;0.023372;0.012748;35.052151;
0.010576;0.024687;0.013553;35.075550;
0.010157;0.023466;0.012700;35.100273;
0.010468;0.024571;0.013569;35.123775;
0.010082;0.023220;0.012604;35.148380;
0.010542;0.024561;0.013581;35.171631;
0.011069;0.024124;0.012600;35.196232;
0.010152;0.024334;0.013678;35.220387;
0.010101;0.024110;0.013567;35.244743;
0.010185;0.023764;0.013018;35.268883;
0.010634;0.024736;0.013564;35.292675;
0.010210;0.023437;0.012695;35.317440;
0.010623;0.024734;0.013579;35.340904;
0.010260;0.023337;0.012638;35.365681;
0.010653;0.024679;0.013506;35.389046;
0.010115;0.023297;0.012672;35.413799;
0.010517;0.024601;0.013589;35.437176;
0.010165;0.024238;0.013492;35.461807;
0.010132;0.023371;0.012679;35.486080;
0.010657;0.024884;0.013657;35.509487;
0.010183;0.023427;0.012641;35.534397;
0.010544;0.024621;0.013587;35.557854;
0.010204;0.023781;0.012870;35.582500;
0.010614;0.024894;0.013670;35.606312;
0.010268;0.023825;0.012892;35.631237;
0.010558;0.024743;0.013642;35.655090;
0.010050;0.024171;0.013584;35.679863;
0.010304;0.024245;0.013470;35.704060;
0.010115;0.024194;0.013587;35.728333;
0.010194;0.023446;0.012715;35.752556;
0.010655;0.024743;0.013504;35.776031;
0.010093;0.023354;0.012677;35.800808;
0.010604;0.024649;0.013494;35.824192;
0.010136;0.023378;0.012631;35.848866;
0.010504;0.024685;0.013593;35.872272;
0.010117;0.024194;0.013524;35.896992;
0.010164;0.023275;0.012564;35.921211;
0.010592;0.024755;0.013563;35.944515;
0.010307;0.023598;0.012704;35.969303;
0.010561;0.024613;0.013591;35.992928;
0.010239;0.023405;0.012631;36.017570;
0.010608;0.024635;0.013536;36.041000;
0.010125;0.023435;0.012675;36.065666;
0.010611;0.024742;0.013574;36.089134;
0.010155;0.024452;0.013628;36.113899;
0.010217;0.024581;0.013767;36.138386;
0.010055;0.024171;0.013571;36.162998;
0.010183;0.023206;0.012586;36.187199;
0.010761;0.024975;0.013678;36.210434;
0.010165;0.023422;0.012678;36.235439;
0.010476;0.024602;0.013600;36.258888;
0.010142;0.023484;0.012653;36.283520;
0.010461;0.024598;0.013617;36.307034;
0.011228;0.024364;0.012612;36.331657;
0.010073;0.024272;0.013684;36.356052;
0.010166;0.024287;0.013642;36.380352;
0.010129;0.023408;0.012677;36.404667;
0.010662;0.024710;0.013527;36.428104;
0.010233;0.023433;0.012728;36.452850;
0.010695;0.024784;0.013563;36.476307;
0.010158;0.023451;0.012655;36.501122;
0.010639;0.024752;0.013610;36.524605;
0.010148;0.023497;0.012772;36.549381;
0.010559;0.024749;0.013633;36.572906;
0.010070;0.024377;0.013660;36.597687;
0.010214;0.023449;0.012665;36.622097;
0.010677;0.024757;0.013527;36.645573;
0.010259;0.023432;0.012692;36.670357;
0.010650;0.024713;0.013542;36.693817;
0.010158;0.023597;0.012753;36.718563;
0.010366;0.024557;0.013642;36.742191;
0.010168;0.023467;0.012646;36.766777;
0.010502;0.024642;0.013587;36.790272;
0.010106;0.024171;0.013547;36.814941;
0.010167;0.023422;0.012693;36.839146;
0.010650;0.024701;0.013608;36.862595;
0.010242;0.023467;0.012648;36.887325;
0.010644;0.024753;0.013607;36.910835;
0.010228;0.023465;0.012656;36.935619;
0.010562;0.024765;0.013639;36.959114;
0.010133;0.023325;0.012634;36.983913;
0.010623;0.024711;0.013549;37.007271;
0.010144;0.024353;0.013631;37.032005;
0.010112;0.023186;0.012633;37.056393;
0.010607;0.024691;0.013597;37.079609;
0.010130;0.023571;0.012814;37.104332;
0.010573;0.024793;0.013690;37.127945;
0.010232;0.023573;0.012665;37.152779;
0.010462;0.024594;0.013578;37.176380;
0.010105;0.023294;0.012615;37.201035;
0.010508;0.024598;0.013585;37.224361;
0.010089;0.024255;0.013636;37.248989;
0.010258;0.023436;0.012684;37.273270;
0.010720;0.024902;0.013648;37.296738;
0.010245;0.023485;0.012641;37.321671;
0.010537;0.024642;0.013598;37.345188;
0.010160;0.023369;0.012602;37.369858;
0.010655;0.024755;0.013639;37.393261;
0.010053;0.023340;0.012767;37.418045;
0.010575;0.024707;0.013607;37.441414;
0.010139;0.024369;0.013687;37.466148;
0.010094;0.023314;0.012746;37.490547;
0.010714;0.024740;0.013526;37.513893;
0.010218;0.023536;0.012692;37.538658;
0.010565;0.024658;0.013561;37.562222;
0.010231;0.023441;0.012674;37.586906;
0.010581;0.024769;0.013631;37.610378;
0.010173;0.023413;0.012735;37.635174;
0.010631;0.024704;0.013573;37.658619;
0.010127;0.024129;0.013521;37.683350;
0.010219;0.023662;0.012771;37.707504;
0.010467;0.024669;0.013638;37.731197;
0.010138;0.023667;0.013062;37.755909;
0.010624;0.024661;0.013483;37.779606;
0.010062;0.023284;0.012672;37.804295;
0.010605;0.024722;0.013621;37.827610;
0.010107;0.023225;0.012604;37.852364;
0.010571;0.024976;0.013640;37.875614;
0.010069;0.024061;0.013526;37.900620;
0.010189;0.023517;0.012732;37.924709;
0.010602;0.024746;0.013636;37.948254;
0.010160;0.023378;0.012669;37.973026;
0.010651;0.024858;0.013650;37.996437;
0.010141;0.023267;0.012547;38.021320;
0.010660;0.024713;0.013574;38.044621;
0.010200;0.023355;0.012689;38.069359;
0.010659;0.024692;0.013527;38.092747;
0.010234;0.024466;0.013601;38.117466;
0.010176;0.023316;0.012650;38.141968;
0.010695;0.024858;0.013612;38.165310;
0.010166;0.023211;0.012428;38.190197;
0.010455;0.024571;0.013599;38.213440;
0.010103;0.023310;0.012589;38.238045;
0.010494;0.024453;0.013441;38.261379;
0.010070;0.023246;0.012589;38.285862;
0.010508;0.024720;0.013692;38.309143;
0.010120;0.024178;0.013551;38.333904;
0.010133;0.023346;0.012598;38.358112;
0.010531;0.024574;0.013525;38.381489;
0.010063;0.023279;0.012658;38.406094;
0.010659;0.024796;0.013608;38.429398;
0.010238;0.023511;0.012686;38.454220;
0.010645;0.024743;0.013625;38.477760;
0.010187;0.023537;0.012736;38.502533;
0.010590;0.024660;0.013586;38.526096;
0.010129;0.024229;0.013515;38.550789;
0.010201;0.023471;0.012694;38.575047;
0.010519;0.024791;0.013582;38.598545;
0.010268;0.023647;0.012787;38.623367;
0.010478;0.024669;0.013653;38.647041;
0.010120;0.023408;0.012771;38.671745;
0.010616;0.024817;0.013649;38.695183;
0.010209;0.023500;0.012762;38.720032;
0.010558;0.024642;0.013503;38.743561;
0.010198;0.024224;0.013568;38.768234;
0.010163;0.023532;0.012790;38.792488;
0.010566;0.024706;0.013626;38.816059;
0.010218;0.023294;0.012500;38.840790;
0.010798;0.024781;0.013425;38.864120;
0.010162;0.023453;0.012652;38.888939;
0.010565;0.024812;0.013553;38.912422;
0.010023;0.023247;0.012672;38.937275;
0.010622;0.024830;0.013615;38.960548;
0.010067;0.024157;0.013591;38.985409;
0.010183;0.023520;0.012702;39.009594;
0.010394;0.024540;0.013605;39.033142;
0.010313;0.023517;0.012682;39.057713;
0.010675;0.024851;0.013643;39.081257;
0.010159;0.023318;0.012615;39.106136;
0.010643;0.024688;0.013527;39.129486;
0.010183;0.023515;0.012780;39.154198;
0.010652;0.024720;0.013560;39.177742;
0.010241;0.024321;0.013627;39.202496;
0.010042;0.023233;0.012679;39.226879;
0.010614;0.024772;0.013600;39.250141;
0.010215;0.023502;0.012666;39.274940;
0.010556;0.024693;0.013588;39.298485;
0.010216;0.023457;0.012670;39.323208;
0.010671;0.024710;0.013444;39.346699;
0.010146;0.023355;0.012712;39.371433;
0.010682;0.024681;0.013557;39.394817;
0.010100;0.024235;0.013605;39.419533;
0.010352;0.023682;0.012607;39.443794;
0.010467;0.024586;0.013523;39.467506;
0.010211;0.023372;0.012678;39.492119;
0.010649;0.024846;0.013585;39.515522;
0.010225;0.023663;0.012772;39.540394;
0.010454;0.024847;0.013660;39.564087;
0.010122;0.023426;0.012664;39.588963;
0.010587;0.024751;0.013618;39.612419;
0.010159;0.024305;0.013645;39.637196;
0.010127;0.024242;0.013535;39.661530;
0.010124;0.024153;0.013525;39.685822;
0.010204;0.023485;0.012690;39.710007;
0.010585;0.024659;0.013544;39.733521;
0.010129;0.023437;0.012746;39.758209;
0.010643;0.024669;0.013593;39.781673;
0.010171;0.023292;0.012624;39.806370;
0.010659;0.024748;0.013604;39.829693;
0.009958;0.024100;0.013636;39.854469;
0.010203;0.024007;0.013308;39.878597;
0.010328;0.024454;0.013569;39.902630;
0.010116;0.023284;0.012617;39.927113;
0.010598;0.024623;0.013512;39.950428;
0.010133;0.023214;0.012546;39.975075;
0.010710;0.024916;0.013642;39.998318;
0.010107;0.023224;0.012550;40.023270;
0.010610;0.024717;0.013606;40.046524;
0.010091;0.024192;0.013662;40.071266;
0.010186;0.023411;0.012719;40.095490;
0.010594;0.024666;0.013531;40.118931;
0.010299;0.023490;0.012622;40.143635;
0.010558;0.024722;0.013663;40.167152;
0.010121;0.023366;0.012665;40.191906;
0.010514;0.024624;0.013584;40.215302;
0.010078;0.023692;0.013058;40.239964;
0.010532;0.024704;0.013551;40.263683;
0.010157;0.024192;0.013573;40.288418;
0.009995;0.023213;0.012698;40.312637;
0.010637;0.024694;0.013589;40.335888;
0.010180;0.023613;0.012763;40.360611;
0.010481;0.024527;0.013569;40.384251;
0.010149;0.023345;0.012609;40.408806;
0.010607;0.024670;0.013571;40.432182;
0.010119;0.023356;0.012702;40.456886;
0.010683;0.024890;0.013628;40.480270;
0.010006;0.024237;0.013620;40.505196;
0.010161;0.023495;0.012769;40.529457;
0.010502;0.024644;0.013606;40.552986;
0.010204;0.023679;0.012759;40.577663;
0.010396;0.024571;0.013613;40.601376;
0.010211;0.023420;0.012584;40.625992;
0.010513;0.024760;0.013645;40.649448;
0.010215;0.023415;0.012649;40.674236;
0.010608;0.024698;0.013574;40.697681;
0.010177;0.024317;0.013664;40.722404;
0.010197;0.024430;0.013511;40.746754;
0.010183;0.024247;0.013565;40.771210;
0.009947;0.023185;0.012738;40.795486;
0.010684;0.024751;0.013587;40.818699;
0.010164;0.023458;0.012729;40.843479;
0.010775;0.024775;0.013522;40.866966;
0.010139;0.023251;0.012543;40.891769;
0.010531;0.024571;0.013573;40.915054;
0.010120;0.024133;0.013541;40.939671;
0.010184;0.023789;0.012661;40.963833;
0.010186;0.024254;0.013565;40.987648;
0.010095;0.023309;0.012654;41.011936;
0.010692;0.024899;0.013663;41.035275;
0.010181;0.023395;0.012633;41.060207;
0.010563;0.024900;0.013799;41.083630;
0.010147;0.023383;0.012630;41.108562;
0.010482;0.024645;0.013651;41.131985;
0.010167;0.024187;0.013482;41.156662;
0.010092;0.023579;0.012784;41.180878;
0.010550;0.024599;0.013524;41.204491;
0.010116;0.023231;0.012568;41.229122;
0.010615;0.024715;0.013595;41.252384;
0.010091;0.023293;0.012592;41.277134;
0.010609;0.024782;0.013646;41.300457;
0.010082;0.023236;0.012689;41.325268;
0.010685;0.024759;0.013514;41.348534;
0.010121;0.024197;0.013512;41.373322;
0.010148;0.023222;0.012612;41.397545;
0.010676;0.024823;0.013550;41.420799;
0.010189;0.023400;0.012639;41.445648;
0.010583;0.024801;0.013722;41.469078;
0.010243;0.023517;0.012739;41.493904;
0.010896;0.025031;0.013566;41.517464;
0.010214;0.023379;0.012670;41.542522;
0.010595;0.024838;0.013689;41.565933;
0.010093;0.024316;0.013636;41.590839;
0.010143;0.023426;0.012695;41.615189;
0.010597;0.024701;0.013580;41.638641;
0.010112;0.023389;0.012726;41.663376;
0.010613;0.024723;0.013530;41.686790;
0.010106;0.023304;0.012652;41.711544;
0.010681;0.024775;0.013593;41.734879;
0.010327;0.023821;0.012790;41.759686;
0.010676;0.024852;0.013649;41.783535;
0.011132;0.024263;0.012647;41.808414;
0.010180;0.024240;0.013583;41.832706;
0.010121;0.024258;0.013547;41.856979;
0.010187;0.023420;0.012697;41.881268;
0.010585;0.024739;0.013545;41.904713;
0.010249;0.023398;0.012697;41.929478;
0.010680;0.024860;0.013604;41.952908;
0.010206;0.023520;0.012725;41.977795;
0.010523;0.024727;0.013655;42.001350;
0.010072;0.023347;0.012702;42.026104;
0.010557;0.024697;0.013617;42.049484;
0.010111;0.024234;0.013592;42.074211;
0.010130;0.023507;0.012776;42.098473;
0.010633;0.024751;0.013661;42.122009;
0.010131;0.023428;0.012647;42.146786;
0.010566;0.024655;0.013572;42.170254;
0.009954;0.023174;0.012671;42.194935;
0.010670;0.024866;0.013711;42.218140;
0.010070;0.023189;0.012621;42.243046;
0.010626;0.024799;0.013587;42.266293;
0.010060;0.024274;0.013693;42.291134;
0.010200;0.023363;0.012609;42.315437;
0.010604;0.024653;0.013500;42.338829;
0.010287;0.023689;0.012823;42.363506;
0.010533;0.024778;0.013726;42.387222;
0.010122;0.023287;0.012618;42.412037;
0.010592;0.024744;0.013656;42.435352;
0.010188;0.023284;0.012628;42.460121;
0.010633;0.024722;0.013581;42.483437;
0.010164;0.024304;0.013536;42.508183;
0.010099;0.023251;0.012614;42.532516;
0.010581;0.024644;0.013569;42.555794;
0.010231;0.023470;0.012577;42.580467;
0.010464;0.024737;0.013700;42.603966;
0.010108;0.023374;0.012753;42.628742;
0.010582;0.024721;0.013640;42.652149;
0.010135;0.023467;0.012710;42.676899;
0.010453;0.024749;0.013733;42.700420;
0.010123;0.024387;0.013793;42.725201;
0.010168;0.023368;0.012620;42.749615;
0.010621;0.024692;0.013545;42.773010;
0.010162;0.023399;0.012683;42.797733;
0.010586;0.024605;0.013563;42.821163;
0.010086;0.023415;0.012662;42.845795;
0.010479;0.024556;0.013630;42.869244;
0.011187;0.024383;0.012653;42.893829;
0.010176;0.024319;0.013598;42.918236;
0.010138;0.024310;0.013619;42.942585;
0.010219;0.023334;0.012587;42.966923;
0.010592;0.024715;0.013616;42.990288;
0.010242;0.023407;0.012624;43.015026;
0.010535;0.024659;0.013547;43.038467;
0.010156;0.023322;0.012618;43.063156;
0.010599;0.024771;0.013603;43.086510;
0.010199;0.023403;0.012618;43.111309;
0.010532;0.024744;0.013607;43.134739;
0.010136;0.024186;0.013557;43.159515;
0.010097;0.023476;0.012648;43.183731;
0.010453;0.024548;0.013598;43.207237;
0.010114;0.023458;0.012741;43.231815;
0.010623;0.024702;0.013613;43.255302;
0.010316;0.023582;0.012713;43.280037;
0.010552;0.024652;0.013625;43.303654;
0.010122;0.023310;0.012711;43.328331;
0.010685;0.024759;0.013567;43.351669;
0.010116;0.024279;0.013620;43.376453;
0.010161;0.023405;0.012707;43.400768;
0.010552;0.024690;0.013620;43.424198;
0.010206;0.023337;0.012577;43.448917;
0.010551;0.024683;0.013627;43.472282;
0.010201;0.023682;0.012812;43.496998;
0.010454;0.024804;0.013645;43.520760;
0.010109;0.023289;0.012682;43.545593;
0.010636;0.024781;0.013599;43.568913;
0.010283;0.024373;0.013524;43.593723;
0.010100;0.023436;0.012734;43.618141;
0.010558;0.024742;0.013581;43.641605;
0.010067;0.023258;0.012594;43.666386;
0.010648;0.024800;0.013622;43.689678;
0.010112;0.023320;0.012683;43.714504;
0.010622;0.024788;0.013604;43.737854;
0.010147;0.023321;0.012700;43.762669;
0.010717;0.024951;0.013687;43.786018;
0.010134;0.024355;0.013646;43.811001;
0.010316;0.023523;0.012705;43.835388;
0.010551;0.024729;0.013660;43.858940;
0.010174;0.023475;0.012704;43.883698;
0.010466;0.024660;0.013651;43.907204;
0.010192;0.023556;0.012735;43.931896;
0.010483;0.024527;0.013528;43.955479;
0.010124;0.023483;0.012745;43.980049;
0.010605;0.024906;0.013656;44.003567;
0.010179;0.024248;0.013579;44.028503;
0.010255;0.023528;0.012645;44.052776;
0.010520;0.024714;0.013705;44.076336;
0.010184;0.023467;0.012650;44.101078;
0.010580;0.024678;0.013610;44.124577;
0.010169;0.023381;0.012647;44.149292;
0.010586;0.024711;0.013617;44.172703;
0.010158;0.023365;0.012697;44.197441;
0.010690;0.024884;0.013669;44.220837;
0.010097;0.024264;0.013625;44.245747;
0.010168;0.023273;0.012615;44.270039;
0.010585;0.024664;0.013574;44.293350;
0.010183;0.023469;0.012666;44.318043;
0.010477;0.024441;0.013426;44.341549;
0.010161;0.023479;0.012646;44.366020;
0.010401;0.024751;0.013714;44.389526;
0.010138;0.023394;0.012744;44.414303;
0.010633;0.024875;0.013666;44.437729;
0.010087;0.024265;0.013665;44.462631;
0.010193;0.023523;0.012766;44.486923;
0.010727;0.024831;0.013554;44.510475;
0.010083;0.023442;0.012731;44.535339;
0.010602;0.024861;0.013769;44.558811;
0.010119;0.023587;0.012746;44.583698;
0.010424;0.024567;0.013653;44.607315;
0.010092;0.023350;0.012604;44.631908;
0.010533;0.024727;0.013672;44.655293;
0.010140;0.024248;0.013546;44.680050;
0.010284;0.024361;0.013550;44.704323;
0.010163;0.024301;0.013599;44.728714;
0.010184;0.023351;0.012655;44.753044;
0.010647;0.024731;0.013548;44.776421;
0.010133;0.023431;0.012650;44.801197;
0.010501;0.024638;0.013586;44.824661;
0.010096;0.023391;0.012745;44.849327;
0.010609;0.024696;0.013579;44.872746;
0.011170;0.024371;0.012721;44.897469;
0.010151;0.024176;0.013545;44.921871;
0.010100;0.024252;0.013637;44.946083;
0.010076;0.023162;0.012548;44.970367;
0.010552;0.024642;0.013568;44.993557;
0.010182;0.023540;0.012746;45.018246;
0.010566;0.024772;0.013578;45.041817;
0.010103;0.023249;0.012675;45.066620;
0.010601;0.024720;0.013632;45.089897;
0.011139;0.024388;0.012612;45.114647;
0.010224;0.024300;0.013570;45.139061;
0.010140;0.024497;0.013891;45.163391;
0.010120;0.023362;0.012722;45.187916;
0.010758;0.024885;0.013612;45.211308;
0.010096;0.023462;0.012718;45.236233;
0.010667;0.024793;0.013611;45.259724;
0.010129;0.023499;0.012778;45.284546;
0.010559;0.024653;0.013612;45.308075;
0.010195;0.023474;0.012673;45.332756;
0.010590;0.024754;0.013696;45.356270;
0.010173;0.024292;0.013603;45.381058;
0.010165;0.023352;0.012609;45.405376;
0.010503;0.024573;0.013566;45.428761;
0.009992;0.023229;0.012630;45.453358;
0.010582;0.024732;0.013595;45.476620;
0.010135;0.023299;0.012631;45.501381;
0.010649;0.024803;0.013560;45.524708;
0.010162;0.023168;0.012495;45.549538;
0.010515;0.024805;0.013664;45.572735;
0.010144;0.024220;0.013580;45.597565;
0.010146;0.023352;0.012625;45.621815;
0.010551;0.024704;0.013633;45.645203;
0.010183;0.023524;0.012720;45.669945;
0.010526;0.024620;0.013598;45.693501;
0.010231;0.023548;0.012613;45.718151;
0.010612;0.024694;0.013564;45.741730;
0.010219;0.023578;0.012781;45.766457;
0.010526;0.024704;0.013670;45.790066;
0.010204;0.024405;0.013612;45.814796;
0.010126;0.023336;0.012697;45.839237;
0.010572;0.024570;0.013490;45.862602;
0.010082;0.023274;0.012611;45.887207;
0.010547;0.024700;0.013589;45.910522;
0.010104;0.023383;0.012674;45.935268;
0.010480;0.024583;0.013595;45.958679;
0.010149;0.023341;0.012612;45.983295;
0.010590;0.024816;0.013572;46.006668;
0.010178;0.024283;0.013574;46.031509;
0.010149;0.023454;0.012717;46.055824;
0.010567;0.024762;0.013711;46.079311;
0.010283;0.023606;0.012618;46.104103;
0.010498;0.024654;0.013536;46.127739;
0.010148;0.023318;0.012671;46.152420;
0.010709;0.024908;0.013648;46.175774;
0.010177;0.023277;0.012618;46.200710;
0.010635;0.024756;0.013617;46.224014;
0.010047;0.024152;0.013604;46.248798;
0.010175;0.023296;0.012648;46.272980;
0.010623;0.024674;0.013582;46.296307;
0.010091;0.023342;0.012678;46.321011;
0.010471;0.024795;0.013820;46.344387;
0.010113;0.023328;0.012633;46.369213;
0.010543;0.024709;0.013619;46.392570;
0.010170;0.023452;0.012647;46.417305;
0.010556;0.024455;0.013352;46.440788;
0.010135;0.024385;0.013628;46.465282;
0.010189;0.023503;0.012721;46.489712;
0.010750;0.024864;0.013600;46.513248;
0.010139;0.023515;0.012689;46.538139;
0.010525;0.024660;0.013536;46.561687;
0.010106;0.023458;0.012692;46.586411;
0.010546;0.024732;0.013639;46.609898;
0.010166;0.023343;0.012633;46.634659;
0.010718;0.024778;0.013518;46.658031;
0.010099;0.024362;0.013586;46.682835;
0.010120;0.023384;0.012610;46.707233;
0.010544;0.024854;0.013743;46.730648;
0.010163;0.023570;0.012786;46.755531;
0.010687;0.024770;0.013543;46.779129;
0.010227;0.023461;0.012733;46.803932;
0.010552;0.024728;0.013588;46.827427;
0.010339;0.023484;0.012602;46.852188;
0.010575;0.024542;0.013500;46.875702;
0.010271;0.024383;0.013635;46.900272;
0.010177;0.023555;0.012811;46.924683;
0.010581;0.024638;0.013579;46.948265;
0.010268;0.023493;0.012642;46.972931;
0.010637;0.024719;0.013581;46.996452;
0.010251;0.023495;0.012665;47.021206;
0.010631;0.024661;0.013545;47.044731;
0.010127;0.023321;0.012611;47.069420;
0.010623;0.024760;0.013618;47.092770;
0.010121;0.024243;0.013537;47.117558;
0.010164;0.023386;0.012763;47.141827;
0.010703;0.024860;0.013664;47.165241;
0.010174;0.023447;0.012647;47.190132;
0.010478;0.024585;0.013591;47.213608;
0.010101;0.023324;0.012637;47.238232;
0.010444;0.024761;0.013644;47.261593;
0.010082;0.023479;0.012727;47.286385;
0.010481;0.024615;0.013575;47.309887;
0.010122;0.024185;0.013555;47.334534;
0.010121;0.023345;0.012718;47.358749;
0.010627;0.024803;0.013710;47.382122;
0.010180;0.023411;0.012723;47.406956;
0.010599;0.024826;0.013720;47.430397;
0.010290;0.023544;0.012722;47.455254;
0.010606;0.024734;0.013582;47.478828;
0.010124;0.023335;0.012685;47.503590;
0.010627;0.024826;0.013645;47.526955;
0.010085;0.024201;0.013640;47.551807;
0.010158;0.023578;0.012772;47.576035;
0.010513;0.024687;0.013595;47.599648;
0.010090;0.023323;0.012685;47.624367;
0.010703;0.025101;0.013868;47.647720;
0.010106;0.023393;0.012667;47.672855;
0.010598;0.024577;0.013500;47.696278;
0.009840;0.023112;0.012577;47.720882;
0.010582;0.024805;0.013693;47.744026;
0.010111;0.024310;0.013704;47.768856;
0.010187;0.024084;0.013347;47.793198;
0.010233;0.024444;0.013583;47.817318;
0.010137;0.023499;0.012823;47.841789;
0.010562;0.024819;0.013668;47.865326;
0.010222;0.023518;0.012703;47.890182;
0.010524;0.024618;0.013528;47.913734;
0.010150;0.023310;0.012636;47.938385;
0.010571;0.024730;0.013607;47.961735;
0.010854;0.024656;0.013292;47.986492;
0.010101;0.024245;0.013608;48.011177;
0.010108;0.024222;0.013581;48.035454;
0.010192;0.023484;0.012716;48.059704;
0.010538;0.024668;0.013619;48.083214;
0.010196;0.023496;0.012649;48.107914;
0.010548;0.024691;0.013675;48.131439;
0.010131;0.023383;0.012643;48.156158;
0.010422;0.024427;0.013538;48.179569;
0.010090;0.023420;0.012735;48.204029;
0.010585;0.024717;0.013663;48.227478;
0.010228;0.024537;0.013607;48.252232;
0.010135;0.023252;0.012610;48.276798;
0.010673;0.024822;0.013614;48.300083;
0.010117;0.023435;0.012728;48.324928;
0.010353;0.024451;0.013603;48.348400;
0.010208;0.023452;0.012705;48.372887;
0.010527;0.024592;0.013561;48.396385;
0.010242;0.023455;0.012707;48.421017;
0.010623;0.024857;0.013675;48.444500;
0.010147;0.024309;0.013657;48.469387;
0.010169;0.023398;0.012705;48.493725;
0.010673;0.024781;0.013585;48.517151;
0.010146;0.023434;0.012665;48.541962;
0.010476;0.024589;0.013671;48.565434;
0.010088;0.023507;0.012801;48.590050;
0.010552;0.024608;0.013591;48.613586;
0.010086;0.023306;0.012723;48.638226;
0.010682;0.024861;0.013659;48.661564;
0.009875;0.023970;0.013521;48.686451;
0.010169;0.023544;0.012784;48.710461;
0.010536;0.024741;0.013585;48.734039;
0.010187;0.023430;0.012719;48.758808;
0.010596;0.024750;0.013645;48.782269;
0.010227;0.023529;0.012678;48.807045;
0.010498;0.024702;0.013674;48.830605;
0.010143;0.023332;0.012614;48.855343;
0.010606;0.024787;0.013596;48.878708;
0.010205;0.024288;0.013562;48.903522;
0.010180;0.023218;0.012479;48.927841;
0.010634;0.024787;0.013660;48.951088;
0.010103;0.023279;0.012724;48.975903;
0.010701;0.024846;0.013672;48.999214;
0.010242;0.023486;0.012704;49.024086;
0.010583;0.024586;0.013493;49.047604;
0.010165;0.023652;0.012863;49.072216;
0.010546;0.024682;0.013637;49.095901;
0.010157;0.024275;0.013601;49.120609;
0.010189;0.023327;0.012611;49.144913;
0.010586;0.024727;0.013616;49.168274;
0.010183;0.023525;0.012787;49.193031;
0.010550;0.024660;0.013583;49.216587;
0.010249;0.023609;0.012766;49.241280;
0.010464;0.024613;0.013654;49.264919;
0.010231;0.023470;0.012708;49.289562;
0.010617;0.024657;0.013510;49.313057;
0.010158;0.024218;0.013592;49.337742;
0.010206;0.023394;0.012702;49.361992;
0.010755;0.024766;0.013548;49.385418;
0.010322;0.023397;0.012595;49.410213;
0.010836;0.024947;0.013623;49.433640;
0.010209;0.023493;0.012653;49.458618;
0.010503;0.025168;0.013604;49.482143;
0.010152;0.023483;0.012666;49.507339;
0.010608;0.024828;0.013583;49.530853;
0.010061;0.024163;0.013557;49.555721;
0.010272;0.024611;0.013793;49.579914;
0.010049;0.024275;0.013633;49.604557;
0.010133;0.023349;0.012658;49.628860;
0.010551;0.024710;0.013567;49.652237;
0.010320;0.023586;0.012728;49.676979;
0.010562;0.024670;0.013550;49.700592;
0.010166;0.023361;0.012638;49.725296;
0.010527;0.024736;0.013623;49.748684;
0.010112;0.023277;0.012634;49.773460;
0.010661;0.024901;0.013705;49.796768;
0.010089;0.024190;0.013605;49.821697;
0.010199;0.023423;0.012675;49.845913;
0.010670;0.024835;0.013633;49.869370;
0.010307;0.023505;0.012649;49.894230;
0.010544;0.024661;0.013569;49.917763;
0.010076;0.023350;0.012723;49.942451;
0.010719;0.024724;0.013461;49.965832;
0.010149;0.023282;0.012610;49.990589;
0.010628;0.024570;0.013403;50.013905;
0.010093;0.024134;0.013548;50.038506;
0.010141;0.023358;0.012640;50.062675;
0.010620;0.024830;0.013584;50.086063;
0.010196;0.023412;0.012670;50.110924;
0.010630;0.024938;0.013834;50.134361;
0.010213;0.023367;0.012580;50.159344;
0.010681;0.024876;0.013714;50.182758;
0.010106;0.023272;0.012590;50.207661;
0.010593;0.024827;0.013732;50.230965;
0.009986;0.024100;0.013559;50.255817;
0.010148;0.023363;0.012707;50.279949;
0.010617;0.024716;0.013532;50.303345;
0.010254;0.023714;0.012774;50.328087;
0.011964;0.026050;0.013600;50.351830;
0.010263;0.023417;0.012637;50.377911;
0.010567;0.024657;0.013597;50.401371;
0.010214;0.023529;0.012714;50.426056;
0.010448;0.024641;0.013695;50.449615;
0.010138;0.024207;0.013493;50.474281;
0.010110;0.024474;0.013772;50.498531;
0.010089;0.024219;0.013557;50.523037;
0.010144;0.023464;0.012690;50.547283;
0.010586;0.024633;0.013551;50.570774;
0.010114;0.023574;0.012729;50.595497;
0.010535;0.024681;0.013615;50.619102;
0.010122;0.023235;0.012629;50.643810;
0.010722;0.024994;0.013619;50.667080;
0.010109;0.023609;0.012803;50.692108;
0.010464;0.024654;0.013608;50.715740;
0.010072;0.024198;0.013555;50.740440;
0.010180;0.023534;0.012775;50.764675;
0.010478;0.024615;0.013539;50.788235;
0.010153;0.023618;0.012823;50.812878;
0.010416;0.024441;0.013542;50.836540;
0.010156;0.023417;0.012667;50.861012;
0.010572;0.024651;0.013553;50.884472;
0.010198;0.023594;0.012778;50.909153;
0.010556;0.024764;0.013594;50.932774;
0.010073;0.024289;0.013587;50.957573;
0.010093;0.023247;0.012690;50.981892;
0.010798;0.024814;0.013521;51.005169;
0.010180;0.023410;0.012643;51.030010;
0.010604;0.024703;0.013613;51.053452;
0.010140;0.023461;0.012661;51.078197;
0.010553;0.024639;0.013583;51.101685;
0.010195;0.023361;0.012589;51.126354;
0.010578;0.024814;0.013650;51.149746;
0.010119;0.024177;0.013529;51.174595;
0.010260;0.023405;0.012608;51.198799;
0.010581;0.024693;0.013566;51.222233;
0.010144;0.023145;0.012530;51.246956;
0.010619;0.024600;0.013485;51.270130;
0.010189;0.023257;0.012592;51.294758;
0.010683;0.024816;0.013552;51.318043;
0.011121;0.024193;0.012614;51.342892;
0.010188;0.024216;0.013503;51.367111;
0.010167;0.024174;0.013492;51.391354;
0.010118;0.023242;0.012577;51.415562;
0.010722;0.024716;0.013533;51.438835;
0.010127;0.023309;0.012586;51.463577;
0.010556;0.024696;0.013575;51.486919;
0.010201;0.023655;0.012870;51.511642;
0.010632;0.024807;0.013654;51.535328;
0.010136;0.023481;0.012749;51.560165;
0.010656;0.024812;0.013611;51.583672;
0.009993;0.024075;0.013494;51.608528;
0.010123;0.023288;0.012651;51.632633;
0.010610;0.024809;0.013657;51.655952;
0.010125;0.023224;0.012578;51.680790;
0.010626;0.024796;0.013592;51.704041;
0.010198;0.023358;0.012589;51.728867;
0.010539;0.024663;0.013480;51.752254;
0.011159;0.024351;0.012720;51.776943;
0.010127;0.024225;0.013471;51.801323;
0.010053;0.024289;0.013613;51.825581;
0.010212;0.023405;0.012710;51.849899;
0.010692;0.024857;0.013673;51.873333;
0.010250;0.023502;0.012692;51.898220;
0.010647;0.024825;0.013682;51.921745;
0.010086;0.023296;0.012625;51.946598;
0.010628;0.024680;0.013569;51.969929;
0.010086;0.023230;0.012642;51.994637;
0.010655;0.024825;0.013658;52.017899;
0.010118;0.024265;0.013596;52.042755;
0.010255;0.023434;0.012612;52.067047;
0.010557;0.024718;0.013646;52.090527;
0.010330;0.023607;0.012631;52.115276;
0.010624;0.024813;0.013575;52.138912;
0.010219;0.023368;0.012635;52.163754;
0.010589;0.024767;0.013515;52.187149;
0.010279;0.023411;0.012679;52.211945;
0.010663;0.024719;0.013571;52.235382;
0.010048;0.024141;0.013580;52.260132;
0.010154;0.023390;0.012610;52.284302;
0.010514;0.024622;0.013483;52.307720;
0.010306;0.023548;0.012660;52.332375;
0.010630;0.024736;0.013563;52.355953;
0.010028;0.023343;0.012705;52.380722;
0.010515;0.024668;0.013600;52.404099;
0.010133;0.023302;0.012646;52.428791;
0.010541;0.024538;0.013471;52.452126;
0.010117;0.024194;0.013539;52.476696;
0.010093;0.023332;0.012707;52.500919;
0.010579;0.024669;0.013564;52.524284;
0.010171;0.023359;0.012687;52.548977;
0.010645;0.025000;0.013893;52.572369;
0.010053;0.023284;0.012625;52.597401;
0.010573;0.024786;0.013667;52.620766;
0.010079;0.023204;0.012585;52.645588;
0.010579;0.024593;0.013471;52.668823;
0.010081;0.024185;0.013536;52.693443;
0.010120;0.023383;0.012668;52.717659;
0.010652;0.024783;0.013598;52.741074;
0.010183;0.023588;0.012780;52.765881;
0.010540;0.024717;0.013666;52.789505;
0.010168;0.023553;0.012736;52.814255;
0.010479;0.024533;0.013490;52.837833;
0.011048;0.024300;0.012707;52.862522;
0.010135;0.024315;0.013639;52.886852;
0.010173;0.024438;0.013731;52.911194;
0.010143;0.023373;0.012688;52.935661;
0.010516;0.024539;0.013558;52.959064;
0.010140;0.023413;0.012595;52.983627;
0.010554;0.024648;0.013522;53.007076;
0.010163;0.023360;0.012666;53.031750;
0.010687;0.024840;0.013648;53.055141;
0.010116;0.023419;0.012755;53.080009;
0.010565;0.024483;0.013365;53.103466;
0.010172;0.024343;0.013629;53.127975;
0.010176;0.023368;0.012628;53.152344;
0.010523;0.024658;0.013667;53.175743;
0.010162;0.023416;0.012698;53.200432;
0.010509;0.024522;0.013499;53.223881;
0.010156;0.023509;0.012795;53.248432;
0.010537;0.024695;0.013630;53.271969;
0.010127;0.023270;0.012639;53.296696;
0.010656;0.025388;0.014167;53.319996;
0.010273;0.024436;0.013625;53.345409;
0.010082;0.023245;0.012642;53.369884;
0.010659;0.024722;0.013633;53.393162;
0.010098;0.023222;0.012606;53.417912;
0.010661;0.024720;0.013512;53.441166;
0.010131;0.023421;0.012710;53.465916;
0.010559;0.024593;0.013601;53.489365;
0.010167;0.023417;0.012734;53.513985;
0.010707;0.024889;0.013680;53.537430;
0.010026;0.024151;0.013628;53.562347;
0.010179;0.023494;0.012789;53.586529;
0.010609;0.024758;0.013635;53.610058;
0.010263;0.023529;0.012713;53.634842;
0.010591;0.024729;0.013618;53.658398;
0.010364;0.023636;0.012667;53.683159;
0.010446;0.024564;0.013556;53.706825;
0.010116;0.023331;0.012673;53.731419;
0.010561;0.024862;0.013730;53.754780;
0.010081;0.024343;0.013629;53.779678;
0.010081;0.023074;0.012403;53.804050;
0.010551;0.024646;0.013517;53.827156;
0.010149;0.023371;0.012611;53.851833;
0.010560;0.024735;0.013537;53.875237;
0.010223;0.023484;0.012684;53.900002;
0.010617;0.024684;0.013559;53.923515;
0.010132;0.023618;0.012775;53.948227;
0.010489;0.024663;0.013657;53.971874;
0.010091;0.024231;0.013576;53.996571;
0.010186;0.023331;0.012674;54.020836;
0.010627;0.024736;0.013585;54.044193;
0.010178;0.023481;0.012773;54.068958;
0.010599;0.024737;0.013598;54.092468;
0.010140;0.023462;0.012752;54.117233;
0.010597;0.024741;0.013602;54.140724;
0.010299;0.023552;0.012706;54.165504;
0.010594;0.024808;0.013652;54.189087;
0.010154;0.024210;0.013588;54.213921;
0.010176;0.023270;0.012639;54.238163;
0.010755;0.024869;0.013609;54.261463;
0.010084;0.023301;0.012731;54.286358;
0.010650;0.024714;0.013607;54.309708;
0.010176;0.023469;0.012700;54.334450;
0.010621;0.024789;0.013604;54.357952;
0.010076;0.023370;0.012734;54.382771;
0.010554;0.024732;0.013584;54.406170;
0.010106;0.024231;0.013618;54.430927;
0.010190;0.023334;0.012686;54.455189;
0.010613;0.024696;0.013558;54.478554;
0.010153;0.023410;0.012660;54.503288;
0.010585;0.024846;0.013646;54.526726;
0.010103;0.023340;0.012567;54.551613;
0.010410;0.024703;0.013641;54.574989;
0.010094;0.023365;0.012701;54.599728;
0.010535;0.024601;0.013553;54.623127;
0.010235;0.024319;0.013597;54.647758;
0.010109;0.023610;0.012859;54.672108;
0.010663;0.024807;0.013655;54.695747;
0.010097;0.023282;0.012643;54.720596;
0.010514;0.024754;0.013642;54.743916;
0.010161;0.023319;0.012594;54.768703;
0.010576;0.024856;0.013531;54.792053;
0.010171;0.023380;0.012629;54.816940;
0.010479;0.024723;0.013639;54.840347;
0.010210;0.024333;0.013600;54.865101;
0.010102;0.023466;0.012787;54.889462;
0.010509;0.024576;0.013546;54.912956;
0.010262;0.023458;0.012641;54.937565;
0.010546;0.024676;0.013612;54.961052;
0.010182;0.023328;0.012693;54.985756;
0.010710;0.024824;0.013550;55.009117;
0.010150;0.023364;0.012638;55.033970;
0.010553;0.024870;0.013835;55.057365;
0.010129;0.024125;0.013488;55.082264;
0.010168;0.023480;0.012738;55.106422;
0.010390;0.024642;0.013726;55.129929;
0.010078;0.023317;0.012704;55.154602;
0.010553;0.024653;0.013556;55.177944;
0.010118;0.023327;0.012660;55.202629;
0.010684;0.024797;0.013548;55.226086;
0.010266;0.023437;0.012617;55.250912;
0.010544;0.024616;0.013500;55.274380;
0.010122;0.024221;0.013589;55.299023;
0.010123;0.023505;0.012756;55.323273;
0.010594;0.024686;0.013532;55.346809;
0.010091;0.023295;0.012634;55.371532;
0.010705;0.024926;0.013645;55.394875;
0.010083;0.023296;0.012609;55.419834;
0.010622;0.024822;0.013630;55.443157;
0.010174;0.023166;0.012537;55.468010;
0.010755;0.024904;0.013635;55.491203;
0.010039;0.024228;0.013589;55.516140;
0.010272;0.023645;0.012725;55.540398;
0.010540;0.024716;0.013577;55.564072;
0.010117;0.023338;0.012701;55.588818;
0.010578;0.024769;0.013545;55.612183;
0.010302;0.023389;0.012564;55.636982;
0.010594;0.024826;0.013639;55.660400;
0.010304;0.023471;0.012687;55.685257;
0.010651;0.024809;0.013599;55.708755;
0.010137;0.024153;0.013535;55.733597;
0.010094;0.023195;0.012523;55.757782;
0.010703;0.024800;0.013578;55.781006;
0.010159;0.023409;0.012702;55.805840;
0.010665;0.024802;0.013518;55.829288;
0.010041;0.023336;0.012642;55.854115;
0.010475;0.024633;0.013651;55.877480;
0.010166;0.023528;0.012720;55.902142;
0.010586;0.024793;0.013576;55.925709;
0.010115;0.024242;0.013558;55.950531;
0.010272;0.023398;0.012671;55.974804;
0.010458;0.024538;0.013526;55.998230;
0.010179;0.023313;0.012607;56.022800;
0.010700;0.024755;0.013524;56.046143;
0.010195;0.023387;0.012700;56.070927;
0.010584;0.024645;0.013549;56.094345;
0.010194;0.023453;0.012643;56.119022;
0.010621;0.024768;0.013628;56.142502;
0.010183;0.024385;0.013624;56.167305;
0.010172;0.023434;0.012610;56.191723;
0.010597;0.024595;0.013501;56.215191;
0.010162;0.023289;0.012657;56.239811;
0.010706;0.024862;0.013612;56.263130;
0.010121;0.023408;0.012745;56.288021;
0.010630;0.024687;0.013571;56.311455;
0.010071;0.023195;0.012621;56.336170;
0.010679;0.024807;0.013613;56.359394;
0.010175;0.024439;0.013610;56.384235;
0.010160;0.023411;0.012699;56.408707;
0.010672;0.024760;0.013552;56.432152;
0.010206;0.023322;0.012591;56.456940;
0.010597;0.024815;0.013590;56.480309;
0.010285;0.023482;0.012665;56.505154;
0.010543;0.024636;0.013586;56.528664;
0.010260;0.023401;0.012604;56.553326;
0.010485;0.024663;0.013563;56.576759;
0.010105;0.024411;0.013702;56.601452;
0.010155;0.023390;0.012689;56.625889;
0.010582;0.024600;0.013558;56.649307;
0.010091;0.023316;0.012643;56.673935;
0.010609;0.024704;0.013581;56.697281;
0.010212;0.023521;0.012711;56.722015;
0.010609;0.024709;0.013639;56.745560;
0.010100;0.023449;0.012780;56.770302;
0.010691;0.024753;0.013631;56.793785;
0.010110;0.024319;0.013573;56.818573;
0.010145;0.023404;0.012710;56.842922;
0.010571;0.024789;0.013520;56.866352;
0.010162;0.023484;0.012728;56.891174;
0.010531;0.024679;0.013559;56.914688;
0.010242;0.023597;0.012697;56.939404;
0.010466;0.024747;0.013633;56.963028;
0.010077;0.023365;0.012651;56.987808;
0.010295;0.024362;0.013577;57.011204;
0.010289;0.024436;0.013570;57.035599;
0.010134;0.023272;0.012645;57.060062;
0.010696;0.024836;0.013588;57.083366;
0.010074;0.023313;0.012737;57.108231;
0.010720;0.024915;0.013669;57.131569;
0.010168;0.023475;0.012716;57.156513;
0.010630;0.024791;0.013579;57.180019;
0.010180;0.023364;0.012638;57.204842;
0.010590;0.024678;0.013589;57.228233;
0.010140;0.024268;0.013622;57.252941;
0.010171;0.023302;0.012660;57.277233;
0.010670;0.024718;0.013528;57.300568;
0.010115;0.023429;0.012743;57.325310;
0.010565;0.024745;0.013679;57.348782;
0.010844;0.024034;0.012710;57.373558;
0.010680;0.024698;0.013545;57.397621;
0.010084;0.023274;0.012658;57.422356;
0.010587;0.024657;0.013600;57.445656;
0.010105;0.024143;0.013571;57.470345;
0.010097;0.023196;0.012576;57.494522;
0.010563;0.024763;0.013666;57.517792;
0.010107;0.023691;0.013051;57.542599;
0.010466;0.024604;0.013598;57.566319;
0.010196;0.023548;0.012729;57.590950;
0.010576;0.024636;0.013560;57.614532;
0.010205;0.023489;0.012694;57.639198;
0.010509;0.024678;0.013669;57.662720;
0.010101;0.024196;0.013633;57.687424;
0.010248;0.024479;0.013674;57.711658;
0.010077;0.024189;0.013600;57.736164;
0.010152;0.023393;0.012718;57.760384;
0.010691;0.025032;0.013682;57.783806;
0.010160;0.023537;0.012758;57.808872;
0.010585;0.024886;0.013665;57.832436;
0.010136;0.023503;0.012728;57.857353;
0.010576;0.024898;0.013672;57.880890;
0.010047;0.023454;0.012846;57.905842;
0.010689;0.024925;0.013609;57.929329;
0.010256;0.024361;0.013574;57.954281;
0.010177;0.023567;0.012814;57.978672;
0.010585;0.024722;0.013558;58.002270;
0.010227;0.023300;0.012604;58.027023;
0.010619;0.024746;0.013574;58.050354;
0.010173;0.023263;0.012615;58.075127;
0.010708;0.024936;0.013598;58.098423;
0.010293;0.023791;0.012865;58.123383;
0.010547;0.024706;0.013636;58.147205;
0.010129;0.024066;0.013462;58.171936;
0.010219;0.024484;0.013720;58.196033;
0.010135;0.024239;0.013619;58.220547;
0.010216;0.023419;0.012599;58.244816;
0.010656;0.024692;0.013542;58.268261;
0.010097;0.023191;0.012637;58.292988;
0.010738;0.024778;0.013539;58.316208;
0.010217;0.023433;0.012638;58.341019;
0.010618;0.024753;0.013660;58.364479;
0.011130;0.024431;0.012719;58.389259;
0.010079;0.024306;0.013648;58.413719;
0.010158;0.024478;0.013583;58.438053;
0.010200;0.023451;0.012681;58.462570;
0.010630;0.024647;0.013489;58.486050;
0.010166;0.023408;0.012619;58.510727;
0.010457;0.024651;0.013628;58.534176;
0.010281;0.023555;0.012711;58.558861;
0.010537;0.024777;0.013558;58.582443;
0.010095;0.023117;0.012570;58.607250;
0.010680;0.024839;0.013568;58.630398;
0.010177;0.024254;0.013601;58.655258;
0.010127;0.023365;0.012692;58.679546;
0.010663;0.024711;0.013550;58.702938;
0.010147;0.023442;0.012744;58.727680;
0.010692;0.024850;0.013667;58.751152;
0.010135;0.023324;0.012620;58.776031;
0.010590;0.024925;0.013669;58.799381;
0.010104;0.023252;0.012590;58.824333;
0.010692;0.024863;0.013569;58.847614;
0.010077;0.024388;0.013755;58.872505;
0.010179;0.023428;0.012684;58.896919;
0.010731;0.024972;0.013682;58.920376;
0.010234;0.023588;0.012759;58.945377;
0.010541;0.024543;0.013477;58.968994;
0.010202;0.023495;0.012679;58.993572;
0.010494;0.024584;0.013552;59.017094;
0.010148;0.023289;0.012593;59.041702;
0.010524;0.024529;0.013512;59.065033;
0.010165;0.024263;0.013601;59.089588;
0.010065;0.023300;0.012623;59.113895;
0.010574;0.024589;0.013492;59.137226;
0.010124;0.023396;0.012632;59.161873;
0.010536;0.024618;0.013597;59.185299;
0.010285;0.023498;0.012714;59.209942;
0.010750;0.024894;0.013499;59.233471;
0.010095;0.023251;0.012623;59.258396;
0.010610;0.024661;0.013573;59.281670;
0.010102;0.024368;0.013728;59.306362;
0.010051;0.023290;0.012682;59.330765;
0.010645;0.024790;0.013520;59.354092;
0.010147;0.023312;0.012614;59.378914;
0.010558;0.024663;0.013519;59.402256;
0.010119;0.023393;0.012702;59.426941;
0.010644;0.024901;0.013639;59.450367;
0.010178;0.023305;0.012651;59.475300;
0.010758;0.024941;0.013668;59.498631;
0.010254;0.024272;0.013451;59.523602;
0.010124;0.023331;0.012611;59.547909;
0.010656;0.024734;0.013544;59.571266;
0.010129;0.023450;0.012735;59.596027;
0.010545;0.024755;0.013620;59.619511;
0.010049;0.023257;0.012625;59.644299;
0.010544;0.024655;0.013554;59.667580;
0.010191;0.023242;0.012555;59.692265;
0.012341;0.025994;0.013185;59.715538;
0.010053;0.024202;0.013604;59.741558;
0.010130;0.024411;0.013731;59.765793;
0.010100;0.024140;0.013582;59.790230;
0.010171;0.023529;0.012771;59.814404;
0.010506;0.024657;0.013672;59.837959;
0.010133;0.023348;0.012652;59.862644;
0.010585;0.024642;0.013555;59.886024;
0.010103;0.023532;0.012715;59.910694;
0.010399;0.024473;0.013625;59.934258;
0.011193;0.024630;0.012708;59.958771;
0.010097;0.024494;0.013855;59.983437;
0.010049;0.024101;0.013507;60.007965;
0.010280;0.023615;0.012792;60.032093;
0.010526;0.024628;0.013553;60.055740;
0.010193;0.023562;0.012665;60.080399;
=AVERAGE(A206:A2488);=AVERAGE(B206:B2488);=AVERAGE(C206:C2488);AVERAGE;
=STDEV(A206:A2488);=STDEV(B206:B2488);=STDEV(C206:C2488);STDEV;
